Age,Asking Price,Assessed Improved,Assessed Land,Assessed Value,Assessed Year,Bldg SF,Building Class,Building Materials,Ceiling Height,Coverage,Improvement Ratio,Land Area AC,Land Area SF,Listing Broker Street Number,Listing Broker Street Post-Direction,Market Time,Number Of Floors,Number Of Parking Spaces,Number Of Tenants,Parking Ratio,Percent Office,Power,Price Per AC Land,Price Per AC Land Net,Price Per Room,Price Per SF,Price Per SF (Net),Price Per SF Land,Price Per SF Land Net,Price Per Unit,Pro Forma Cap Rate,Property County,Property State,Property Zip Code,PropertyType,Sale Date,Sale Price,Sale Status,Second Trust Deed Lender,Second Trust Deed Payment,Second Trust Deed Terms,Secondary Type,Seller (True) Address,Seller (True) City,Seller (True) Company,Seller (True) Contact,Size,Star Rating,Submarket Code,Submarket Name,Tenancy,Total Expense Amount,Typ Flr (SF),Vacancy,Year Built
4,,0,5653703,5653703,2015,1262294,A,Reinforced Concrete,,0.3016686132,0,96.06,4184373,,,,2,,1,0.23,,,1168019.99,,,88.89,88.89,26.81,,,,Guadalupe,TX,78154,Industrial,7/1/2016,112200000,Sold,,,,Distribution,"9830 Colonnade Blvd, 600",San Antonio,USAA Real Estate Company,,1262294,5 Star,S12,Guadalupe County,Single,,1262294,,2013
28,,14736350,1013650,15750000,2016,247861,B,Masonry,"10'6""-15'8""",0.3105953618,93,18.32,798019,9,,,1,265,2,1.06,,,655021.83,,,48.41,48.41,15.04,,,,Bexar,TX,78219,Industrial,11/2/2016,12000000,Sold,,,,Distribution,"518 17th St, 17th Floor",Denver,"Industrial Property Trust, Inc.",Andrea Karp,247861,2 Star,S06,Northeast,Single,444528.79,247861,,1989
4,3311381,,,,,11200,B,Metal,,0,,7,304920,10333,,270,,20,,1.78,,,435714.29,,,272.32,272.32,10,,,,Bexar,TX,78223,Industrial,10/26/2015,3050000,Sold,,,,Warehouse,108 W 4th Ave,Cheyenne,Site West Development LLC,,11200,2 Star,S08,South,Single,,,,2013
36,,1631300,563700,2195000,2014,46969,C,,"18'0""-22'0""",0.4749428681,74,2.27,98894,,,,1,116,7,2.47,,,1277364.22,,,61.74,61.74,29.32,,,,Bexar,TX,78216,Industrial,6/1/2015,2900000,Sold,,,,Service,"10611 Harwin Dr, 406",Houston,"LEDI2, Inc.",Jinsong Sheng,46969,3 Star,S05,North Central,Multi,123497.36,46969,34.15,1981
66,3100000,1783070,396930,2180000,2014,107000,C,Masonry,"18'0""-24'0""",0.3047625558,81,8.06,351093,12040,,278,1,,1,5,,,341191.07,,,25.7,25.7,7.83,,,,Bexar,TX,78220,Industrial,3/24/2015,2750000,Sold,,,,Manufacturing,610 Pop Gunn Dr,San Antonio,International Paper Company,,107000,2 Star,S06,Northeast,Multi,70752.99,107000,,1951
62,1599850,774290,125710,900000,2016,28000,C,Masonry,"14'0""-20'0""",0.6986899563,86,0.92,40075,,,985,1,12,1,0.44,11.428571,,2139945.65,,,70.31,70.31,49.13,,,,Bexar,TX,78204,Industrial,9/26/2016,1968750,Sold,,,,Warehouse,,,,,28000,2 Star,S01,CBD,Multi,25401.65,28000,,1955
33,,856730,240260,1096990,2015,29193,B,Masonry,,0.1736221386,78,3.86,168141,9311,,222,1,15,2,0.51,10.999212,,492227.98,,,65.08,65.08,11.3,,,,Bexar,TX,78244,Industrial,7/18/2016,1900000,Sold,,,,Warehouse,,,,,29193,2 Star,S06,Northeast,Single,36837.98,29193,,1984
21,1799000,294400,291550,585950,2014,7242,C,Metal,,0.0280833737,50,5.92,257875,7718,,382,1,20,2,2.76,,,266047.3,,,217.48,217.48,6.11,,,,Bexar,TX,78219,Industrial,6/22/2015,1575000,Sold,,,,Truck Terminal,"610 E MARKET St, 2515",San Antonio,Darwin Mack Mandell,,7242,1 Star,S06,Northeast,Multi,15946.79,7242,,1996
23,,,,,,54285,B,Masonry,,,,,,,,,1,80,1,1.47,,,,,,27.68,27.68,,,,,Bexar,TX,78219,Industrial,4/22/2016,1502820,Sold,,,,Warehouse,,,,,54285,3 Star,S08,South,Single,1241.58,54285,,1994
52,,,,,,22500,C,Metal,"26'0""",0.2216879816,,2.33,101494,250,,209,1,10,1,0.44,,,600858.37,,,62.22,62.22,13.79,,,,Bexar,TX,78217,Industrial,8/31/2016,1400000,Sold,,,,Warehouse,,,,,22500,2 Star,S05,North Central,Single,18163.79,22500,,1965
2,,,,,,6300,B,,"18'0""",0.0353097449,,4.1,178421,250,,103,1,,1,,22.222222,,292968.75,,,190.48,190.48,6.73,,,,Bexar,TX,78109,Industrial,10/11/2016,1200000,Sold,,,,Warehouse,,,,,6300,1 Star,S08,South,Single,,6300,,2015
2,1100000,0,131725,131725,2015,10000,B,Reinforced Concrete,"16'0""",0.2732987155,0,0.84,36590,9311,,449,1,,,3.5,14,,1369047.62,,,115,115,31.43,,,,Comal,TX,78154,Industrial,9/2/2015,1150000,Sold,,,,Warehouse,4888 Whirlwind,San Antonio,"Biltmore Construction Management, LLC",Jim Moore,10000,2 Star,S33,Comal County,Single,,10000,,2015
3,1125000,0,170350,170350,2015,6000,B,Metal,"18'0""",0.0293691506,0,4.69,204296,180,,431,1,12,,2,17.466667,,239872.07,,,187.5,187.5,5.51,,,,Bexar,TX,78112,Industrial,12/4/2015,1125000,Sold,,,,Warehouse,,,,,6000,1 Star,S08,South,Single,,6000,,2014
17,975000,344361,185799,530160,2015,13000,C,Metal,"9'0""-18'0""",0.1165783362,64,2.56,111513,503,,277,1,25,1,1.91,17.307692,,386718.75,,,76.15,76.15,8.88,,,,Guadalupe,TX,78108,Industrial,2/1/2016,990000,Sold,,,,Warehouse,,,,,13000,2 Star,S12,Guadalupe County,Single,17251.92,13000,,2000
22,780000,265540,158580,424120,2015,25000,C,,,0.4347901703,62,1.32,57499,10223,,126,1,,,,14.8,,598484.85,,,31.6,31.6,13.74,,,,Bexar,TX,78201,Industrial,10/26/2015,790000,Sold,,,,Warehouse,1214 W Hollywood,San Antonio,Ricardo Guajardo Construction,Ricardo Guajardo,25000,2 Star,S07,Northwest,,11442.95,25000,,1995
67,,257150,297000,554150,2015,13510,C,Masonry,,0.5458585859,46,0.57,24750,1100,,,1,14,1,1.22,,,1372756.07,,,57.74,57.74,31.51,,,,Bexar,TX,78204,Industrial,5/12/2015,780000,Sold,,,,Warehouse,1811 S Alamo St,San Antonio,H A Franz & Co,,13510,2 Star,S01,CBD,Multi,14951.22,13510,81.42,1950
39,789000,545050,70980,616030,2015,12000,C,Masonry,"14'0""",0.8453085376,88,0.33,14196,801,,70,1,20,,1.33,20,,2359619.52,,,64.08,64.08,54.17,,,,Bexar,TX,78216,Industrial,5/16/2016,769000,Sold,,,,Warehouse,,,,,12000,2 Star,S05,North Central,Multi,20723.05,12000,,1978
21,,,,,,13680,C,Metal,,0.2684195036,,1.17,50965,,,152,1,15,,1.09,,,512820.51,,,43.86,43.86,11.77,,,,Bexar,TX,78217,Industrial,11/2/2016,600000,Sold,,,,Warehouse,,,,,13680,2 Star,S05,North Central,Single,,13680,,1996
33,,242040,37450,279490,2014,7482,B,Masonry,"18'0""",0.3994660972,86,0.43,18730,9601,,,1,13,,1.48,10.692328,Y,1360465.12,,,78.19,78.19,31.23,,,,Bexar,TX,78218,Industrial,3/6/2015,585000,Sold,,,,Warehouse,1154 Halm Blvd,San Antonio,Jeannette Dunworth Buffkin,Jeannette Buffkin,7482,1 Star,S06,Northeast,Multi,18991.88,7482,,1984
34,495000,279980,43180,323160,2016,4845,C,Metal,,0.3086183833,86,0.36,15699,901,,108,1,18,,3.72,,,1373473.92,,,102.17,102.17,31.53,,,,Bexar,TX,78233,Industrial,1/26/2017,495000,Sold,,,,Service,6610 Topper Pky,San Antonio,Gary E Young,Gary Young,4845,1 Star,S06,Northeast,Multi,,4845,,1983
31,522000,102220,114020,216240,2015,3480,B,Masonry,,0.2282715644,47,0.35,15245,14855,,140,2,14,1,4.02,,,1363857.14,,,137.17,137.17,31.31,,,,Bexar,TX,78212,Industrial,1/4/2016,477350,Sold,,,,Service,,,,,3480,1 Star,S05,North Central,Single,13131.24,3480,,1986
22,360000,223040,229570,452610,2015,6493,C,,"15'7""-18'0""",0.0731274728,49,2.02,87956,8023,,125,,,,,,,178288.43,,,55.44,55.44,4.09,,,,Bexar,TX,78023,Industrial,12/22/2015,360000,Sold,,,,Warehouse,11614 Rainbow Rdg,Helotes,Centurion Ordnance Inc,Carlos Romero,6493,1 Star,S04,Far Northwest,Single,10098.55,6432,,1995
77,450000,169440,24800,194240,2015,6836,C,Masonry,"12'0""",0.3335610423,87,0.47,20494,8026,,576,1,20,1,2.11,,,754516.47,,,51.93,51.93,17.32,,,,Bexar,TX,78210,Industrial,6/15/2016,355000,Sold,,,,Distribution,,,,,6836,1 Star,S06,Northeast,Multi,6011.16,6836,,1940
74,100000,,,,,1060,C,,,0.0607310645,,0.4,17454,850,,1210,1,,,,,,224357.37,,,84.81,84.81,5.15,,,,Bexar,TX,78207,Industrial,5/28/2015,89900,Sold,,,,,,,,,1060,1 Star,S07,Northwest,Single,,1060,,1943
63,,146390,131000,277390,2015,4750,C,Metal,"18'0""",0.145007174,52,0.75,32757,,,,1,5,1,1.05,4,,,,,,,,,,,Bexar,TX,78202,Industrial,4/5/2016,,Sold,,,,Warehouse,,,,,4750,1 Star,S06,Northeast,Single,8928.11,4750,,1954
34,,2055460,419540,2475000,2015,75150,C,Masonry,"18'0""",0.2261088813,83,7.63,332362,,,,1,110,7,1.47,,,,,,,,,,,,Bexar,TX,78218,Industrial,8/3/2016,,Sold,,,,Warehouse,,,Palmtree Acquisition Corp,,75150,3 Star,S06,Northeast,Multi,83394.15,75150,14.37,1983
4,,589800,208540,798340,2016,4900,B,Metal,"18'0""",0.0304023031,73,3.7,161172,,,255,1,30,1,6.12,28.571429,,,,,,,,,,,Bexar,TX,78263,Industrial,10/31/2016,,Sold,,,,Warehouse,,,,,4900,1 Star,S08,South,Single,17031.43,4900,,2013
10,,317100,298330,615430,,10000,B,Masonry,"22'0""",0.2669442887,51,0.86,37461,,,,1,16,1,1.61,,,,,,,,,,,,Comal,TX,78154,Industrial,9/30/2016,,Sold,,,,Warehouse,,,,,10000,2 Star,S33,Comal County,Multi,13687.29,10000,100,2007
31,,3487071,454490,3941561,2016,94500,B,,"23'0""",0.4196176817,88,5.17,225205,,,,1,130,8,1.43,,,,,,,,,,,,Bexar,TX,78233,Industrial,12/27/2016,,Sold,,,,Warehouse,,,,,94500,3 Star,S06,Northeast,Multi,85757.05,94500,,1986
34,,595650,89630,685280,2016,10046,C,Masonry,"16'0""",0.4349106022,86,0.53,23099,,,,1,6,1,0.61,,,,,,,,,,,,Bexar,TX,78216,Industrial,9/6/2016,,Sold,,,,Warehouse,,,,,10046,2 Star,S05,North Central,Multi,18466.96,10046,100,1983
16,,3777370,622630,4400000,2015,64500,B,Reinforced Concrete,"24'0""-26'0""",0.3525514889,85,4.2,182952,12040,,169,1,68,1,1.05,13.178295,N,,,,,,,,,,Bexar,TX,78247,Industrial,12/18/2015,,Sold,,,,Manufacturing,1210 W Laurel,San Antonio,R Roy Jones II,Roy Jones,64500,3 Star,S05,North Central,Single,,64500,,2001
3,795000,628090,54400,682490,2015,4900,B,Metal,"18'0""",0.1136258232,92,0.99,43124,250,,723,1,30,,6.12,28.571429,,,,,,,,,,,Bexar,TX,78263,Industrial,8/7/2015,,Sold,,,,Warehouse,200 Heritage Vw,Adkins,Katherine J Moody,Katherine Moody,4900,1 Star,S08,South,Single,14483.63,4900,,2014
42,575000,380380,59500,439880,2015,7844,C,Masonry,,0.4613846244,86,0.39,17001,15614,,77,1,6,,1.05,31.871494,,,,,,,,,,,Bexar,TX,78238,Industrial,3/29/2016,,Sold,,,,Service,,,,,7844,2 Star,S07,Northwest,Multi,11812.12,7844,,1975
54,2900000,539070,760930,1300000,,33645,B,Reinforced Concrete,"24'0""",0.3152583347,41,2.45,106722,,,1167,1,70,1,2.12,,,,,,,,,,,,Bexar,TX,78204,Industrial,4/8/2015,,Sold,,,,Warehouse,415 W Travis St,San Antonio,The Lifshutz Companies,James Lifshutz,33645,2 Star,S01,CBD,Multi,,33645,,1963
57,,179460,5600,185060,,9666,C,Metal,"20'0""-24'0""",1.8492443084,96,0.12,5227,,,,1,12,1,2.17,,,,,,,,,,,,Bexar,TX,78223,Industrial,5/20/2015,,Sold,,,,Manufacturing,,,,,9666,2 Star,S08,South,Single,6825.51,9666,,1960
43,,1285080,183800,1468880,2015,36000,C,Masonry,"27'0""",0.2937960076,87,2.81,122534,,,,2,50,1,1.56,12.5,N,,,,,,,,,,Bexar,TX,78217,Industrial,8/1/2015,,Sold,,,,Warehouse,149 Lou Jon Cir,San Antonio,The Estate of Robert W Kotzebue Jr,Linda Kotzebue,36000,3 Star,S05,North Central,Multi,40106.96,36000,,1974
51,,21760,364370,386130,2015,3150,C,Metal,,0.2619324796,5,0.28,12026,,,,1,8,,2.54,,,,,,,,,,,,Bexar,TX,78212,Industrial,6/23/2016,,Sold,,,,Warehouse,,,,,3150,1 Star,S05,North Central,Multi,12607.88,3150,,1966
1,1500000,,,,,12000,B,Metal,"22'0""",0.1981898659,,1.39,60548,1000,,355,1,,,,,,,,,,,,,,,Bexar,TX,78218,Industrial,8/23/2016,,Sold,,,,Warehouse,"1000 E Basse Rd, 100",San Antonio,Colglazier Properties,,12000,2 Star,S06,Northeast,Single,,12000,,2016
33,,557050,51180,608230,2015,8343,C,Masonry,"18'0""",0.4075123333,91,0.47,20473,,,,1,12,,1.51,,,,,,,,,,,,Bexar,TX,78250,Industrial,9/12/2016,,Sold,,,,Warehouse,,,,,8343,2 Star,S07,Northwest,Multi,16477.3,8343,,1984
25,,319290,246720,566010,2016,11939,C,Masonry,,0.3820525292,56,0.38,16448,,,,2,31,1,2.09,,,,,,,,,,,,Bexar,TX,78215,Industrial,9/2/2016,,Sold,,,,Manufacturing,,,,,11939,2 Star,S01,CBD,Multi,15975.09,6284,,1992
36,,317550,121900,439450,2016,4750,C,Metal,,0.1529396613,72,0.71,31058,,,,1,8,1,1.68,,,,,,,,,,,,Bexar,TX,78217,Industrial,9/28/2016,,Sold,,,,Manufacturing,,,,,4750,1 Star,S05,North Central,Multi,,4750,,1981
47,,2964900,285100,3250000,2016,77357,C,Masonry,"35'0""",0.1163731112,91,7.63,332362,,,,2,36,,0.72,5.784868,,,,,,,,,,,Bexar,TX,78219,Industrial,12/22/2016,,Sold,,,,Service,126 Diamond Point,Mabank,Allied Vista Leasing Ltd,Thomas Lyon,77357,2 Star,S06,Northeast,Multi,91728.16,38678,100,1970
6,,18198990,1355580,19554570,2016,122215,B,,,0.0468783682,93,59.85,2607066,,,,1,,,,,,,,,,,,,,,Bexar,TX,78223,Industrial,12/23/2016,,Sold,,,,,"2929 Allen Pky, 2100",Houston,Baker Hughes Incorporated,,122215,3 Star,S08,South,,,122215,,2011
57,,710320,68600,778920,2016,16400,C,Masonry,,0.4462463606,91,0.84,36751,,,,1,50,,0.64,16.158537,,,,,,,,,,,Bexar,TX,78202,Industrial,1/27/2017,,Sold,,,,Warehouse,,,,,16400,2 Star,S06,Northeast,Single,,16400,,1960
49,2250000,132910,102190,235100,2015,10000,C,Metal,"20'0""-26'0""",0.1471605374,56,1.56,67953,14400,,348,1,20,1,0.37,15,,,,,,,,,,,Bexar,TX,78210,Industrial,5/18/2016,,Sold,,,,Distribution,,,,,10000,2 Star,S08,South,Multi,8495.72,10000,,1968
35,,2001570,898430,2900000,2014,67619,B,Masonry,"10'0""-18'0""",0.2822397529,69,5.5,239580,396,,,1,400,,5.92,,Y,,,,,,,,,,Bexar,TX,78217,Industrial,5/11/2015,,Sold,,,,,"18022 Cowan, 295",Irvine,Commercial Property Services,,67619,3 Star,S06,Northeast,Multi,103426.53,67619,41.29,1982
37,,895270,406190,1301460,2014,36600,C,Masonry,"24'0""",0.418022957,68,2.01,87555,,,,1,50,2,1,,,,,,,,,,,,Bexar,TX,78216,Industrial,3/31/2015,,Sold,,,,Service,,,,,36600,2 Star,S05,North Central,Multi,36252.94,36600,,1980
3,649000,77520,74050,151570,2014,6000,A,Metal,"18'0""",0.1620482904,51,0.85,37026,1000,,467,1,12,,2,12.5,,,,,,,,,,,Bexar,TX,78218,Industrial,3/31/2015,,Sold,,,,Warehouse,,,Cooper Boddy,Cooper Boddy,6000,1 Star,S06,Northeast,Single,,6000,,2014
55,,129230,379700,508930,2015,3297,C,Metal,,0.1736817152,25,0.44,18983,,,,1,14,1,4.25,,,,,,,,,,,,Bexar,TX,78215,Industrial,10/8/2015,,Sold,,,,Warehouse,,,Sankey Wilton K & Helen O Sankey,Wilton Sankey,3297,1 Star,S01,CBD,Single,13731.16,3297,,1962
10,,3161840,900310,4062150,2015,139881,A,Masonry,"32'0""",0.0486549378,77,66,2874960,,,,1,156,2,1,,,,,,,,,,,,Comal,TX,78154,Industrial,12/23/2015,,Sold,,,,Distribution,4545 Airport Way,Denver,Prologis,,139881,5 Star,S33,Comal County,Multi,,139881,,2007
34,,83860,78250,162110,2015,2137,C,Metal,,0.0374301304,51,1.38,60112,,,,2,4,,1.87,,,,,,,,,,,,Bexar,TX,78217,Industrial,5/12/2016,,Sold,,,,Service,,,,,2137,1 Star,S05,North Central,Multi,,2250,,1983
57,,121450,37150,158600,2015,4700,C,Metal,,0.3173531398,76,0.34,14810,,,,2,15,,3.19,,,,,,,,,,,,Bexar,TX,78210,Industrial,6/27/2016,,Sold,,,,Warehouse,,,,,4700,1 Star,S06,Northeast,Single,,4700,100,1960
47,215000,92040,36000,128040,2015,4018,C,Masonry,,0.4464940549,71,0.21,8999,7271,,129,1,15,1,4.24,10.004978,,,,,,,,,,,Bexar,TX,78211,Industrial,9/1/2016,,Sold,,,,Showroom,4215 Fig Tree Woods,San Antonio,Yolanda Perez,Yolanda Perez,4018,1 Star,S08,South,Single,4384.79,4018,,1970
57,,240410,7330,247740,2016,3010,C,Metal,,0.3418213207,97,0.11,4634,,,,2,6,2,1.99,,,,,,,,,,,,Bexar,TX,78207,Industrial,9/30/2016,,Sold,,,,Service,,,,,3010,1 Star,S07,Northwest,Single,6992.23,1584,,1960
20,,234350,76500,310850,2016,4050,C,Metal,"12'0""-14'0""",0.264740489,75,0.35,15298,100,,181,1,10,1,2.83,,,,,,,,,,,,Bexar,TX,78233,Industrial,2/2/2017,,Sold,,,,Warehouse,,,,,4050,1 Star,S06,Northeast,Multi,,4050,100,1997
58,1150000,833000,117000,950000,2015,30834,C,Masonry,"16'0""",0.3261994181,87,2.17,94525,10103,,393,1,40,,1.71,8.107933,Y,,,,,,,,,,Bexar,TX,78220,Industrial,4/8/2016,,Sold,,,,,,,,,30834,2 Star,S06,Northeast,Multi,32426.61,30834,33.77,1959
57,,210680,89600,300280,2015,17000,C,Masonry,,0.9486607143,70,0.41,17920,,,,1,10,,,,,,,,,,,,,,Bexar,TX,78201,Industrial,12/31/2015,,Sold,,,,Showroom,,,,,17000,2 Star,S07,Northwest,Multi,8349.1,17000,,1960
9,,554980,124260,679240,2014,11500,C,Metal,"18'0""",0.1696140175,81,1.56,67801,8023,,,1,35,1,3.04,11.304348,,,,,,,,,,,Bexar,TX,78240,Industrial,6/26/2015,,Sold,,,,Warehouse,"1403 W Bitters Rd, A",San Antonio,Texas Champion Bank,Bob Almendarez,11500,2 Star,S07,Northwest,Single,,11500,,2008
34,400000,153000,42000,195000,2014,6550,C,Metal,"24'0""",0.3898577466,78,0.39,16801,18618,,184,1,5,1,0.76,,Y,,,,,,,,,,Bexar,TX,78233,Industrial,3/5/2015,,Sold,,,,Warehouse,"14015 Toepperwein Rd, 2A",San Antonio,Tom J. Sheridan Properties Inc,Cynthia Joyce,6550,1 Star,S06,Northeast,Multi,6701.33,6550,,1983
14,,485780,139220,625000,2014,11740,C,,,0.5818794607,77,0.46,20176,3815,,175,1,,1,,,,,,,,,,,,,Bexar,TX,78238,Industrial,8/6/2015,,Sold,,,,Warehouse,5238 Evers Rd,San Antonio,South Texas Siding Inc,Martin Bomba,11740,2 Star,S07,Northwest,Single,19700.38,11740,,2003
34,,229910,71870,301780,2015,8109,C,Masonry,,0.3283261803,76,0.57,24698,,,,1,9,,1.11,,,,,,,,,,,,Bexar,TX,78217,Industrial,11/20/2015,,Sold,,,,Warehouse,,,,,8109,2 Star,S06,Northeast,Multi,8239.94,8109,,1983
19,,274440,60430,334870,2015,6840,C,Metal,,0.3565657092,81,0.44,19183,,,,1,10,,1.46,,,,,,,,,,,,Bexar,TX,78212,Industrial,8/26/2016,,Sold,,,,Warehouse,,,,,6840,1 Star,S05,North Central,Multi,11174.75,6840,,1998
34,,595650,89630,685280,2016,10046,C,Masonry,"16'0""",0.4349106022,86,0.53,23099,,,,1,6,1,0.61,,,,,,,,,,,,Bexar,TX,78216,Industrial,9/6/2016,,Sold,,,,Warehouse,,,,,10046,2 Star,S05,North Central,Multi,18466.96,10046,100,1983
45,,321060,63480,384540,2016,11800,B,Metal,"12'0""-16'0""",0.3710925215,83,0.73,31798,,,,1,25,,2.11,,,,,,,,,,,,Bexar,TX,78217,Industrial,9/28/2016,,Sold,,,,Manufacturing,,,,,11800,2 Star,S05,North Central,Multi,10362.6,11800,100,1972
28,,198800,36300,235100,2016,5618,C,Metal,,0.4256705561,84,0.3,13198,,,,1,10,1,2.63,,,,,,,,,,,,Bexar,TX,78233,Industrial,9/21/2016,,Sold,,,,Warehouse,,,,,5618,1 Star,S06,Northeast,Multi,6335.49,5618,,1989
42,,782600,282400,1065000,2016,16670,C,Metal,,0.1393125465,73,2.75,119659,,,,1,17,1,0.68,,,,,,,,,,,,Bexar,TX,78217,Industrial,12/1/2016,,Sold,,,,Truck Terminal,,,,,16670,2 Star,S06,Northeast,Multi,28699.67,16670,,1975
43,,424170,106530,530700,2016,8480,C,Masonry,"16'0""",0.1090619132,79,1.79,77754,,,,1,45,,5.31,25.707547,,,,,,,,,,,Bexar,TX,78214,Industrial,12/20/2016,,Sold,,,,Warehouse,,,,,8480,2 Star,S08,South,Multi,15064.48,8480,100,1974
47,,737070,47020,784090,2016,20096,C,Metal,,0.2306703398,94,2,87120,,,,1,30,1,1.49,,,,,,,,,,,,Bexar,TX,78221,Industrial,10/18/2016,,Sold,,,,Manufacturing,,,,,20096,2 Star,S08,South,Single,21003.46,20096,,1970
21,,1100130,397330,1497460,2016,7242,C,Metal,,0.0280833737,73,5.92,257875,,,,1,20,1,2.76,,,,,,,,,,,,Bexar,TX,78219,Industrial,11/18/2016,,Sold,,,,Truck Terminal,,,,,7242,1 Star,S06,Northeast,Multi,42264.39,7242,,1996
,725000,315879,99458,415337,2016,10370,C,Metal,"14'0""",0.1760820471,76,1.35,58893,,,227,1,4,,,22.661524,,,,,,,,,,,Guadalupe,TX,78108,Industrial,11/21/2016,,Sold,,,,Warehouse,,,,,10370,2 Star,S12,Guadalupe County,Multi,8491.57,10370,,
57,,333740,134030,467770,2016,18061,B,Masonry,"13'1""-15'3""",0.4783483857,71,0.87,37757,,,,1,25,1,1.38,13.288301,,,,,,,,,,,Bexar,TX,78212,Industrial,1/5/2017,,Sold,,,,Warehouse,,,,,18061,2 Star,S05,North Central,Single,,18061,,1960
32,,77840,17770,95610,2016,1800,C,Metal,,0.160042678,81,0.26,11247,,,,1,16,,9.36,,,,,,,,,,,,Bexar,TX,78218,Industrial,11/23/2016,,Sold,,,,Service,,,,,1800,1 Star,S06,Northeast,Multi,2576.5,1800,,1985
34,,595650,89630,685280,2016,10046,C,Masonry,"16'0""",0.4349106022,86,0.53,23099,,,,1,6,1,0.61,,,,,,,,,,,,Bexar,TX,78216,Industrial,9/6/2016,,Sold,,,,Warehouse,,,,,10046,2 Star,S05,North Central,Multi,18466.96,10046,100,1983
31,560000,184200,59200,243400,2015,5442,C,Masonry,"16'0""-20'0""",0.1378943368,75,0.91,39465,100,,398,1,15,1,2.75,18.375597,,,,,,,,,,,Bexar,TX,78219,Industrial,5/16/2016,,Sold,,,,Manufacturing,8134 Powerhorn Run,San Antonio,Vivian Glenda & Jan Cupit,Vivian Cupit,5442,1 Star,S06,Northeast,Single,7366.76,5442,,1986
69,,362490,169560,532050,2015,20875,C,Masonry,,0.9780266117,68,0.49,21344,,,,1,5,1,0.27,,,,,,,,,,,,Bexar,TX,78215,Industrial,10/30/2015,,Sold,,,,Service,107 Wake Forest,San Antonio,Lazaro O Juarez,Lazaro Juarez,20875,1 Star,S01,CBD,Multi,14354.95,20875,,1948
54,,1323230,329660,1652890,2015,45500,B,Reinforced Concrete,"25'0""-27'0""",0.4352234466,80,2.4,104544,8023,,,1,75,,1.73,13.406593,Y,,,,,,,,,,Bexar,TX,78207,Industrial,10/9/2015,,Sold,,,,Warehouse,4515 San Pedro Ave,San Antonio,GrayStreet Partners,Kevin Covey,45500,2 Star,S05,North Central,Single,44595.72,45500,,1963
23,,606730,278960,885690,2014,10200,C,Masonry,,0.0669027942,68,3.5,152460,,,,1,50,1,4.05,,,,,,,,,,,,Bexar,TX,78216,Industrial,7/15/2015,,Sold,,,,Warehouse,8827 Pineridge Rd,San Antonio,844 W Rhapsody LLC,Daniel Holt,10200,2 Star,S05,North Central,Single,25958.34,10200,,1994
23,187500,75250,33750,109000,2014,1830,C,Metal,,0.1626522087,69,0.26,11251,14400,,212,1,11,2,6.43,,,,,,,,,,,,Bexar,TX,78218,Industrial,3/20/2015,,Sold,,,,Manufacturing,,,,,1830,1 Star,S06,Northeast,Multi,2859.32,1830,,1994
22,450000,215470,53312,268782,2014,6250,C,Metal,"20'0""",0.281341436,80,0.51,22215,1802,,522,1,15,1,2.4,,,,,,,,,,,,Guadalupe,TX,78108,Industrial,5/22/2015,,Sold,,,,Manufacturing,,,Custom Design Shutters Llc,Diane Seale,6250,1 Star,S12,Guadalupe County,Single,6340.98,6250,,1995
50,,236080,73920,310000,2014,6606,C,Masonry,"16'0""",0.4468344156,76,0.34,14784,,,,1,6,,0.91,,,,,,,,,,,,Bexar,TX,78216,Industrial,5/26/2015,,Sold,,,,Service,,,,,6606,1 Star,S05,North Central,Multi,9420.31,6606,,1967
39,325000,99550,13370,112920,2015,7000,C,Masonry,"20'0""",1.3098802395,88,0.12,5344,801,,208,1,8,,1.2,,Y,,,,,,,,,,Bexar,TX,78204,Industrial,5/2/2016,,Sold,,,,Warehouse,,,,,7000,1 Star,S01,CBD,Single,7227.05,7000,,1978
37,,2554440,212170,2766610,2015,76494,B,Masonry,,0.4325287103,92,4.06,176853,200,,166,1,54,1,0.71,,,,,,,,,,,,Bexar,TX,78219,Industrial,6/29/2016,,Sold,,,,Manufacturing,,,,,76494,3 Star,S06,Northeast,Single,129065.7,76494,,1980
52,,420030,89970,510000,2015,23662,B,Masonry,,0.8284433863,82,0.66,28562,,,,1,12,1,0.5,11.753022,,,,,,,,,,,Bexar,TX,78212,Industrial,7/15/2016,,Sold,,,,Manufacturing,,,,,23662,2 Star,S05,North Central,Multi,16450.95,23662,,1965
23,,366220,54780,421000,2016,4800,C,Metal,,0.2409759526,86,0.46,19919,,,,1,15,1,7.89,,,,,,,,,,,,Bexar,TX,78233,Industrial,10/3/2016,,Sold,,,,Service,,,,,4800,1 Star,S06,Northeast,Single,11345.13,4800,,1994
39,,1131660,243130,1374790,2016,26666,C,Masonry,,0.2834125137,82,2.16,94089,,,,1,75,3,2.81,,,,,,,,,,,,Bexar,TX,78217,Industrial,9/29/2016,,Sold,,,,Warehouse,,,,,26666,2 Star,S06,Northeast,Multi,37047.91,26666,,1978
44,,390860,134920,525780,2014,7600,C,Masonry,,0.0958639741,74,1.82,79279,,,,1,50,5,6.58,,,,,,,,,,,,Bexar,TX,78211,Industrial,4/10/2015,,Sold,,,,,,,,,7600,2 Star,S08,South,Multi,,7600,,1973
75,,79930,33570,113500,2014,11832,C,Masonry,,0.5739330064,70,0.22,9583,,,,2,,1,,,,,,,,,,,,,Bexar,TX,78207,Industrial,5/19/2015,,Sold,,,,Warehouse,,,,,11832,2 Star,S07,Northwest,Single,4499.39,5500,,1942
11,,693700,288320,982020,2015,14000,C,,,0.062650473,70,5.13,223462,,,,1,,,,,,,,,,,,,,,Bexar,TX,78023,Industrial,9/1/2015,,Sold,,,,Warehouse,4219 Ramsgate St,San Antonio,Robert L Barrows,Robert Barrows,14000,2 Star,S04,Far Northwest,Single,21910.64,14000,,2006
62,,100,326510,326610,2014,57918,B,Metal,"12'0""-20'0""",0.3332623669,0,3.99,173791,,,,1,40,,0.69,9.703374,,,,,,,,,,,Bexar,TX,78216,Industrial,9/14/2015,,Sold,,,,Manufacturing,,,,,57918,3 Star,S05,North Central,Multi,8917.91,57918,,1955
33,,245120,94990,340110,2015,8550,B,Metal,,0.2772373541,72,0.71,30840,,,,1,3,1,0.35,,,,,,,,,,,,Bexar,TX,78232,Industrial,5/2/2016,,Sold,,,,Manufacturing,,,Mission Supply Inc,Stephen Homsley,8550,2 Star,S05,North Central,Single,11615.42,8550,,1984
51,,466490,114340,580830,2015,4000,C,Metal,,0.0369378521,80,2.49,108290,,,,1,10,1,2.11,,,,,,,,,,,,Bexar,TX,78212,Industrial,8/10/2016,,Sold,,,,Warehouse,,,,,4000,1 Star,S05,North Central,Multi,,4000,,1966
55,,49180,36250,85430,2015,1893,C,Metal,,0.2088481906,57,0.21,9064,,,,1,14,,7.4,,,,,,,,,,,,Bexar,TX,78225,Industrial,8/25/2016,,Sold,,,,Warehouse,,,,,1893,1 Star,S08,South,Single,2723.06,1893,,1962
,,5810,73270,79080,2016,190,C,Wood Frame,,0.0054455304,7,0.8,34891,,,,1,10,,,,,,,,,,,,,,Bexar,TX,78244,Industrial,9/7/2016,,Sold,,,,Warehouse,,,,,190,1 Star,S06,Northeast,Multi,2154.29,190,,
33,,614850,237890,852740,2016,57000,C,Metal,,0.1893693999,72,6.91,300999,,,,1,25,3,0.44,,,,,,,,,,,,Bexar,TX,78219,Industrial,11/11/2016,,Sold,,,,Warehouse,,,,,57000,3 Star,S06,Northeast,Multi,24067.78,57000,,1984
82,,230440,121110,351550,2015,3950,C,Masonry,,0.7976575121,65,0.11,4952,,,,1,3,1,0.75,,,,,,,,,,,,Bexar,TX,78215,Industrial,12/18/2015,,Sold,,,,Warehouse,,San Antonio,J. David & Carolyn Z Gardner,,3950,1 Star,S01,CBD,Multi,3174.79,3950,,1935
16,,212350,61060,273410,2015,4750,C,Metal,,0.2263845201,77,0.48,20982,,,,1,15,1,3.16,,,,,,,,,,,,Bexar,TX,78217,Industrial,12/14/2015,,Sold,,,,Warehouse,,,,,4750,1 Star,S06,Northeast,Single,7465.31,4750,,2001
32,,248920,86080,335000,2014,10027,B,,,0.2329639181,74,0.99,43041,,,,1,30,3,2.99,,,,,,,,,,,,Bexar,TX,78233,Industrial,7/15/2015,,Sold,,,,,,,,,10027,2 Star,S06,Northeast,Single,13761.44,10027,,1985
57,70000,,,,,3000,C,Metal,,0.3730879244,,0.18,8041,15321,,818,1,5,1,1.62,16.666667,,,,,,,,,,,Bexar,TX,78202,Industrial,3/17/2015,,Sold,,,,,1702 Agile St,San Antonio,S & D Real Estate LLC,Clark Sims,3000,1 Star,S06,Northeast,Multi,1618.83,3000,,1960
34,,230950,30380,261330,2015,4560,C,Metal,,0.0956014927,88,1.1,47698,,,,1,20,,1.05,,,,,,,,,,,,Bexar,TX,78222,Industrial,1/15/2016,,Sold,,,,Warehouse,,,,,4560,1 Star,S08,South,Single,6642.07,4560,,1983
14,,231550,44980,276530,2015,5000,C,Masonry,,0.279970883,83,0.41,17859,,,,1,10,1,2.11,,,,,,,,,,,,Bexar,TX,78250,Industrial,3/24/2016,,Sold,,,,Service,,,,,5000,1 Star,S07,Northwest,Multi,7622.24,5000,,2003
34,,111080,142720,253800,2015,5820,C,,"12'0""",0.0538290788,43,2.48,108120,,,,1,,,,,,,,,,,,,,,Bexar,TX,78237,Industrial,5/4/2016,,Sold,,,,Warehouse,,,,,5820,1 Star,S07,Northwest,Single,4903.56,5820,,1983
32,1695000,1360800,181770,1542570,2016,18725,B,Masonry,,0.6293906087,88,0.68,29751,1100,,273,1,12,2,0.44,,,,,,,,,,,,Bexar,TX,78216,Industrial,12/29/2016,,Sold,,,,Manufacturing,,,,,18725,2 Star,S05,North Central,Multi,41569.25,18725,,1985
47,499999,294010,66180,360190,2016,5040,C,Metal,"19'0""",0.2520756227,81,0.46,19994,10223,,122,1,22,,4.36,,,,,,,,,,,,Bexar,TX,78207,Industrial,12/15/2016,,Sold,,,,,115 Angeles Dr,San Antonio,"J & T Corpus, Inc.",Jose Corpus,5040,1 Star,S05,North Central,Single,10166.02,5040,,1970
34,,595650,89630,685280,2016,10046,C,Masonry,"16'0""",0.4349106022,86,0.53,23099,,,,1,6,1,0.61,,,,,,,,,,,,Bexar,TX,78216,Industrial,9/6/2016,,Sold,,,,Warehouse,,,,,10046,2 Star,S05,North Central,Multi,18466.96,10046,100,1983
30,1750000,1357770,221340,1579110,2015,15900,B,Metal,"18'0""",0.1221198157,85,2.99,130200,1000,,370,1,20,1,1.14,10.062893,,,,,,,,,,,Bexar,TX,78233,Industrial,11/23/2015,,Sold,,,,Warehouse,11100 Mead Rd,Baton Rouge,"H&E Equipment Services, Inc.",,15900,2 Star,S06,Northeast,Single,43116.73,15900,,1987
34,,264420,68580,333000,2015,7505,C,Masonry,,0.3184807978,79,0.54,23565,,,,1,10,1,1.33,,,,,,,,,,,,Bexar,TX,78217,Industrial,11/20/2015,,Sold,,,,Warehouse,,,,,7505,2 Star,S06,Northeast,Single,9092.38,7505,,1983
36,945000,405120,89440,494560,2015,12900,C,Masonry,"16'0""",0.2145994144,81,1.38,60112,935,,215,1,20,1,1.55,,Y,,,,,,,,,,Bexar,TX,78219,Industrial,9/8/2015,,Sold,,,,Service,,Corpus Christi,"Transport Enterprises, Ltd.",Mark Stockseth,12900,2 Star,S06,Northeast,Single,13343.45,12900,,1981
13,2000000,898600,115220,1013820,2014,9920,B,Masonry,,0.077486682,88,2.94,128022,100,,39,1,40,1,4.03,20.16129,,,,,,,,,,,Bexar,TX,78244,Industrial,3/30/2015,,Sold,,,,Distribution,"100 NE Loop 410, 1500",San Antonio,Stream Realty Partners-Central Texas,,9920,2 Star,S06,Northeast,Single,29079.42,9920,,2004
97,,150700,224240,374940,2015,70000,C,Masonry,"10'0""",0.6139718641,40,0.86,37461,5715,,,3,25,,0.36,,,,,,,,,,,,Bexar,TX,78207,Industrial,4/27/2015,,Sold,,,,Warehouse,,San Antonio,Dan Naranjo,Dan Naranjo,70000,2 Star,S07,Northwest,Multi,10637.85,23000,,1920
39,,565940,131060,697000,2014,26574,C,Masonry,,0.4766123825,81,1.28,55756,,,,1,30,,1.12,,,,,,,,,,,,Bexar,TX,78207,Industrial,8/14/2015,,Sold,,,,Manufacturing,12439 Winding Branch,San Antonio,GJM Investments Llc,Gustavo Medellin,26574,2 Star,S07,Northwest,Single,22357.89,26574,,1978
14,,445750,128840,574590,2015,3990,C,Metal,,0.0418068085,77,2.19,95439,,,,1,18,1,4.51,,,,,,,,,,,,Bexar,TX,78109,Industrial,10/15/2015,,Sold,Private Individual Fas Fiancial Inc,,,Service,,,,,3990,1 Star,S06,Northeast,Single,15613.75,3990,,2003
7,,3322820,625690,3948510,2015,61200,B,Masonry,,0.1564545157,84,8.98,391168,,,,1,55,1,0.89,,,,,,,,,,,,Bexar,TX,78233,Industrial,11/30/2015,,Sold,,,,Distribution,2011 Mariner Point Ln,Katy,Weidner Road Real Estate Partners LP,Jeffrey Metzler,61200,3 Star,S06,Northeast,Multi,107811.89,61200,,2010
9,,1255536,225830,1481366,2015,10560,B,Masonry,,0.0481958504,84,5.03,219106,,,,1,16,1,1.51,,,,,,,,,,,,Guadalupe,TX,78154,Industrial,12/11/2015,,Sold,,,,Service,,,,,10560,2 Star,S12,Guadalupe County,Single,1632.34,10560,,2008
5,,581520,38480,620000,2014,10080,B,Reinforced Concrete,"17'0""",0.3824991462,93,0.61,26353,,,,1,13,,1.29,10.31746,,,,,,,,,,,Bexar,TX,78219,Industrial,9/3/2015,,Sold,,,,Service,"7898 Broadway St, 100",San Antonio,Richard M Peacock,Richard Peacock,10080,2 Star,S06,Northeast,Single,22347.64,10080,,2012
2,,0,337190,337190,2015,23240,B,,"31'5""",0.0820166786,0,6.51,283357,,,,1,,1,,,,,,,,,,,,,Bexar,TX,78220,Industrial,11/16/2015,,Sold,,,,,100 North St,Baton Rouge,Commercial Properties Realty Trust,Carolyn Martin,23240,2 Star,S08,South,,,23240,,2015
44,,159720,45000,204720,2015,3325,C,Masonry,,0.2179041877,78,0.35,15259,,,,1,8,2,2.41,,,,,,,,,,,,Bexar,TX,78217,Industrial,2/3/2016,,Sold,,,,Service,,,,,3325,1 Star,S06,Northeast,Multi,8084.42,3325,,1973
8,450000,98610,143870,242480,2015,3500,C,,,0.0168800791,40,4.76,207345,3834,,136,1,,,,22.857143,,,,,,,,,,,Bexar,TX,78223,Industrial,7/20/2015,,Sold,,,,Warehouse,347 Rose Meadow Dr,La Vernia,Jakeco Construction Inc,Carol Fritz,3500,1 Star,S08,South,Single,,3500,,2009
52,,61440,116900,178340,2015,3172,C,,,0.0680555258,34,1.07,46609,,,,1,,1,,,,,,,,,,,,,Bexar,TX,78207,Industrial,2/24/2016,,Sold,,,,,,,,,3172,1 Star,S07,Northwest,Single,5636.63,3172,,1965
45,418000,139800,25180,164980,2015,4400,C,Masonry,,0.6990784874,84,0.14,6294,1000,,97,1,10,1,2.39,,,,,,,,,,,,Bexar,TX,78202,Industrial,10/15/2015,,Sold,,,,Service,,,,,4400,1 Star,S06,Northeast,Multi,4451.23,4400,,1972
1,,,,,,6000,C,,"18'0""",0.1377410468,,1,43560,453,,554,1,,,,,,,,,,,,,,,Guadalupe,TX,78154,Industrial,8/11/2016,,Sold,,,,Warehouse,,,,,6000,1 Star,S12,Guadalupe County,Multi,1319.2,6000,,2016
14,,383420,206120,589540,2016,11031,B,Metal,,0.3612575733,65,0.7,30535,,,,1,14,1,1.27,,,,,,,,,,,,Bexar,TX,78249,Industrial,1/9/2017,,Sold,,,,Distribution,,,,,11031,2 Star,S07,Northwest,Single,,11031,,2003
61,,68990,77610,146600,2016,2375,C,Wood Frame,,0.096399724,47,0.57,24637,,,,1,12,,3.37,,,,,,,,,,,,Bexar,TX,78216,Industrial,1/18/2017,,Sold,,,,Service,,,,,2375,1 Star,S05,North Central,Multi,,2375,,1956
34,,595650,89630,685280,2016,10046,C,Masonry,"16'0""",0.4349106022,86,0.53,23099,,,,1,6,1,0.61,,,,,,,,,,,,Bexar,TX,78216,Industrial,9/6/2016,,Sold,,,,Warehouse,,,,,10046,2 Star,S05,North Central,Multi,18466.96,10046,100,1983
34,,595650,89630,685280,2016,10046,C,Masonry,"16'0""",0.4349106022,86,0.53,23099,,,,1,6,1,0.61,,,,,,,,,,,,Bexar,TX,78216,Industrial,9/6/2016,,Sold,,,,Warehouse,,,,,10046,2 Star,S05,North Central,Multi,18466.96,10046,100,1983
57,,758440,221560,980000,2014,39863,C,Masonry,"20'0""",0.5268493187,77,1.74,75663,,,,1,25,,0.76,10.48047,Y,,,,,,,,,,Bexar,TX,78210,Industrial,3/18/2015,,Sold,,,,Warehouse,,,,,39863,2 Star,S06,Northeast,Multi,31199.65,39863,,1960
10,,286020,269330,555350,2015,4900,C,,"18'0""",0.1124885216,51,1,43560,,,,1,,,,,,,,,,,,,,,Bexar,TX,78109,Industrial,9/28/2015,,Sold,,,,Warehouse,5785 FM 1346,San Antonio,Longhorn Recycling Lp,John Triesch,4900,1 Star,S08,South,Multi,11785.5,4900,,2007
21,,491590,88410,580000,,16280,C,Metal,"16'0""-18'0""",0.2768424991,84,1.35,58806,,,,1,25,,1.53,24.570025,,,,,,,,,,,Bexar,TX,78023,Industrial,5/26/2015,,Sold,,,,,,,,,16280,2 Star,S04,Far Northwest,Single,17621.65,16280,,1996
34,4750000,3395360,2090350,5485710,2015,217500,C,Masonry,,0.1571150357,61,31.78,1384336,14100,,634,1,500,,2.24,10.011034,Y,,,,,,,,,,Bexar,TX,78227,Industrial,11/17/2015,,Sold,,,,Manufacturing,14421 Myerlake Cir,Clearwater,"Bic Graphic USA Manufacturing Co., Inc.",Emmanuel Bruno,217500,4 Star,S10,Far West,Single,146542.24,217500,,1983
31,450000,61050,82860,143910,2015,1656,C,Wood Frame,,0.2696629213,42,0.14,6141,200,,104,1,6,1,3.62,,,,,,,,,,,,Bexar,TX,78219,Industrial,3/3/2016,,Sold,,,,Showroom,1617 Enid St,Houston,BETCO Scaffolds,Jay Rosen,1656,1 Star,S06,Northeast,Multi,4061.72,1656,,1986
31,,186770,314520,501290,2015,13300,C,Masonry,,0.1806672463,37,1.69,73616,,,,1,13,1,0.98,,,,,,,,,,,,Bexar,TX,78249,Industrial,5/1/2016,,Sold,,,,Warehouse,,,,,13300,2 Star,S07,Northwest,Multi,17991.54,13300,,1986
45,,15700,200670,216370,2016,30500,C,Metal,"11'0""-21'0""",0.5001393831,7,1.4,60983,,,,1,10,1,1.87,4.918033,N,,,,,,,,,,Bexar,TX,78233,Industrial,11/29/2016,,Sold,,,,Warehouse,,,,,30500,3 Star,S06,Northeast,Multi,28817.98,30500,17.39,1972
33,,336040,94990,431030,2016,8550,B,Metal,,0.2772373541,77,0.71,30840,,,,1,3,1,0.35,,,,,,,,,,,,Bexar,TX,78232,Industrial,10/26/2016,,Sold,,,,Manufacturing,,,,,8550,2 Star,S05,North Central,Single,11615.42,8550,,1984
50,,322850,484120,806970,2015,14885,C,Masonry,"11'0""",0.4058401723,40,0.84,36677,,,,1,10,,0.37,5.206584,,,,,,,,,,,Bexar,TX,78202,Industrial,4/15/2016,,Sold,,,,Manufacturing,,,,,14885,1 Star,S06,Northeast,Multi,,14885,,1967
18,,237590,42150,279740,2015,6000,C,Metal,,0.3558296762,84,0.39,16862,,,,1,10,,1.67,,,,,,,,,,,,Bexar,TX,78233,Industrial,3/21/2016,,Sold,,,,Warehouse,,,,,6000,1 Star,S06,Northeast,Multi,10375,6000,,1999
28,,14610,42050,56660,2016,5618,C,Metal,,0.4256705561,25,0.3,13198,,,,1,10,1,2.63,,,,,,,,,,,,Bexar,TX,78233,Industrial,9/21/2016,,Sold,,,,Warehouse,,,,,5618,1 Star,S06,Northeast,Multi,6335.49,5618,,1989
69,,126730,49300,176030,2015,6000,C,Masonry,,0.9735518416,71,0.14,6163,,,,1,2,,0.33,,,,,,,,,,,,Bexar,TX,78215,Industrial,12/18/2015,,Sold,,,,Warehouse,,,,,6000,1 Star,S01,CBD,Single,4749.37,6000,,1948
21,,491590,88410,580000,,16280,C,Metal,"16'0""-18'0""",0.2768424991,84,1.35,58806,,,,1,25,,1.53,24.570025,,,,,,,,,,,Bexar,TX,78023,Industrial,5/26/2015,,Sold,,,,,,,,,16280,2 Star,S04,Far Northwest,Single,17621.65,16280,,1996
39,,330360,523080,853440,2014,15140,C,,,0.0534800916,38,6.5,283096,,,,1,36,,2.37,,,,,,,,,,,,Bexar,TX,78222,Industrial,6/3/2015,,Sold,,,,Showroom,1900 Southern Ave,Parsons,Heck & Wicker Inc,Kent Wicker,15140,2 Star,S08,South,Single,26744.76,15140,,1978
38,,378892,83030,461922,2014,12120,C,Metal,,0.5105307498,82,0.55,23740,,,,1,9,1,0.78,,,,,,,,,,,,Bexar,TX,78216,Industrial,7/22/2015,,Sold,,,,Warehouse,,,,,12120,2 Star,S05,North Central,Single,12943.13,12120,,1979
,550000,179100,148850,327950,2014,10000,C,Masonry,,0.0417397112,54,5.5,239580,18585,,725,1,45,,4.5,,,,,,,,,,,,Comal,TX,78266,Industrial,8/3/2015,,Sold,,,,,23180 Hanging Oaks,San Antonio,Orbin & Claudette Sumrall Ltd,,10000,2 Star,S33,Comal County,Multi,5546.4,10000,,
42,,750320,207670,957990,2015,15550,C,Masonry,,0.0845922436,78,4.22,183823,,,,1,20,,1.28,,,,,,,,,,,,Bexar,TX,78219,Industrial,10/6/2015,,Sold,,,,Truck Terminal,,,,,15550,2 Star,S06,Northeast,Multi,25847,15550,,1975
57,,82450,50630,133080,2015,4303,C,Masonry,,0.4250716191,61,0.23,10123,,,,1,5,,1.16,,,,,,,,,,,,Bexar,TX,78216,Industrial,3/31/2016,,Sold,,,,Warehouse,,,,,4303,1 Star,S05,North Central,Multi,4318.69,4303,,1960
25,,244530,39870,284400,2015,800,C,,,0.0026861953,85,6.84,297819,,,,1,,,,,,,,,,,,,,,Bexar,TX,78109,Industrial,6/7/2016,,Sold,,,,Warehouse,,,,,800,1 Star,S08,South,Single,,800,,1992
39,,1018170,231830,1250000,2015,26666,C,Masonry,,0.2834125137,81,2.16,94089,,,,1,75,3,2.81,,,,,,,,,,,,Bexar,TX,78217,Industrial,9/1/2016,,Sold,,,,Warehouse,,,,,26666,2 Star,S06,Northeast,Multi,37047.91,26666,,1978
23,,366220,54780,421000,2016,4800,C,Metal,,0.2409759526,86,0.46,19919,,,,1,15,1,7.89,,,,,,,,,,,,Bexar,TX,78233,Industrial,9/26/2016,,Sold,,,,Service,,,,,4800,1 Star,S06,Northeast,Single,11345.13,4800,,1994
77,,466350,219300,685650,2016,13600,B,Masonry,,0.5272135215,68,0.3,12898,,,49,2,25,,1.97,,,,,,,,,,,,Bexar,TX,78204,Industrial,12/15/2016,,Sold,,,,Warehouse,,,,,13600,2 Star,S01,CBD,Multi,19351.82,6800,,1940
30,,428270,133270,561540,2016,5200,B,,"20'0""",0.0499438132,76,2.39,104117,,,,1,,1,,,,,,,,,,,,,Bexar,TX,78224,Industrial,12/12/2016,,Sold,,,,,,,,,5200,1 Star,S08,South,Single,15626.56,5200,,1987
50,1200000,237880,484120,722000,2014,27885,C,Masonry,,0.7602857377,32,0.84,36677,801,,668,1,9,,0.69,35.861574,,,,,,,,,,,Bexar,TX,78205,Industrial,6/26/2015,,Sold,,,,Warehouse,25710 Hickory Blvd,Bonita Springs,John K & Rebecca W Paalman,,27885,2 Star,S06,Northeast,Multi,,27885,,1967
33,,278980,35760,314740,2015,9300,C,Masonry,"12'0""-14'0""",0.5201051395,88,0.41,17881,,,,1,12,,1.37,,,,,,,,,,,,Bexar,TX,78238,Industrial,12/14/2015,,Sold,,,,Warehouse,,,,,9300,2 Star,S07,Northwest,Multi,8469.48,9300,,1984
50,,178560,71410,249970,2014,11919,C,Reinforced Concrete,,0.5007772783,71,0.55,23801,,,,1,22,1,1.85,,,,,,,,,,,,Bexar,TX,78212,Industrial,7/1/2015,,Sold,,,,Warehouse,,,,,11919,2 Star,S05,North Central,Multi,7415.85,11919,,1967
44,,780830,106460,887290,2014,30388,C,Masonry,"24'0""",0.3510912389,88,1.99,86553,200,,581,1,28,1,5.56,17.441095,,,,,,,,,,,Bexar,TX,78219,Industrial,5/22/2015,,Sold,,,,Warehouse,6970 Jonesboro Rd,Morrow,Roselee Investments,,30388,3 Star,S06,Northeast,Single,24349.86,30388,,1973
60,,43950,77380,121330,2015,4256,C,Metal,,0.165018805,36,0.59,25791,,,,1,12,,2.82,,,,,,,,,,,,Bexar,TX,78204,Industrial,9/23/2015,,Sold,,,,Warehouse,,,,,4256,1 Star,S01,CBD,Multi,3273.54,4256,,1957
32,,109980,30210,140190,2015,16485,C,Metal,"18'0""",0.0379202628,78,9.98,434728,,,,1,,,,16.378526,,,,,,,,,,,Bexar,TX,78221,Industrial,3/10/2016,,Sold,,,,Warehouse,,,,,16485,2 Star,S08,South,Multi,,16485,,1985
33,,236030,28970,265000,2014,5700,C,Metal,,0.4919730709,89,0.27,11586,,,,1,12,2,2.11,,,,,,,,,,,,Bexar,TX,78216,Industrial,3/31/2015,,Sold,,,,Warehouse,,,,,5700,1 Star,S05,North Central,Multi,7763.2,5700,,1984
3,783000,0,101930,101930,2014,5800,B,Masonry,"18'0""",0.2662993572,0,0.5,21780,100,,430,1,25,1,4.31,9.241379,,,,,,,,,,,Bexar,TX,78218,Industrial,6/18/2015,,Sold,,,,Warehouse,13625 Shipwatch Dr,Jacksonville,JM Property Holdings,James Smyrles,5800,1 Star,S06,Northeast,Single,,5800,,2014
33,645000,439960,141330,581290,2014,6248,C,Metal,,0.4346737164,75,0.33,14374,100,,136,1,10,1,1.6,13.828425,,,,,,,,,,,Bexar,TX,78232,Industrial,6/25/2015,,Sold,,,,Service,11126 Rocky Trl,San Antonio,Balwinder Dhillon,Balwinder Dhillon,6248,1 Star,S05,North Central,Multi,13134.53,6248,,1984
39,,80250,27760,108010,2014,3011,C,Masonry,,0.2160126264,74,0.32,13939,,,,1,,1,,,,,,,,,,,,,Bexar,TX,78148,Industrial,7/23/2015,,Sold,,,,Service,,,,,3011,1 Star,S06,Northeast,Multi,3879.49,3011,,1978
3,275000,89960,48970,138930,2015,1536,C,,"10'0""",,64,,,13750,,68,1,,,,,,,,,,,,,,,Bexar,TX,78250,Industrial,9/8/2015,,Sold,,,,Warehouse,,,,,1536,1 Star,S07,Northwest,Single,1532.49,1536,,2014
33,,557050,51180,608230,2015,8343,C,Masonry,"18'0""",0.4075123333,91,0.47,20473,,,,1,12,,1.51,,,,,,,,,,,,Bexar,TX,78250,Industrial,5/3/2016,,Sold,,,,Warehouse,,,,,8343,2 Star,S07,Northwest,Multi,16477.3,8343,,1984
51,,466490,114340,580830,2015,4000,C,Metal,,0.0369378521,80,2.49,108290,,,,1,10,1,2.11,,,,,,,,,,,,Bexar,TX,78212,Industrial,8/10/2016,,Sold,,,,Warehouse,,,Letj Lp,,4000,1 Star,S05,North Central,Multi,,4000,,1966
39,,491880,83820,575700,2015,10500,C,Masonry,"12'0""",0.3645706746,85,0.66,28801,,,,1,10,1,1.03,22.857143,,,,,,,,,,,Bexar,TX,78217,Industrial,9/1/2016,,Sold,,,,Manufacturing,,,,,10500,2 Star,S06,Northeast,Multi,15334.25,10500,,1978
11,,1017650,82350,1100000,2016,10000,B,Metal,"14'0""",0.355378656,92,0.65,28139,,,,1,25,1,2.5,,,,,,,,,,,,Bexar,TX,78109,Industrial,12/19/2016,,Sold,,,,Warehouse,,,,,10000,2 Star,S06,Northeast,Multi,29966.15,10000,20,2006
75,195000,149720,35300,185020,2016,6394,C,Wood Frame,"12'0""-18'0""",0.48003003,80,0.31,13320,10103,,604,1,16,,5.29,26.587426,Y,,,,,,,,,,Bexar,TX,78207,Industrial,12/28/2016,,Sold,,,,,,,,,6394,1 Star,S07,Northwest,Multi,5222.01,6394,,1942
33,500000,353790,46210,400000,2015,10206,C,Metal,"20'0""",0.2169458379,88,0.54,23522,6600,,549,2,15,,1.47,49.480698,,,,,,,,,,,Bexar,TX,78238,Industrial,3/21/2016,,Sold,,,,Warehouse,,,,,10206,2 Star,S07,Northwest,Multi,12500.9,5103,,1984
34,,723910,144400,868310,2015,14800,C,Metal,,0.5364262414,83,0.63,27590,,,,1,20,1,1.62,,,,,,,,,,,,Bexar,TX,78233,Industrial,6/17/2016,,Sold,,,,Warehouse,,,,,14800,2 Star,S06,Northeast,Multi,,14800,,1983
60,1599000,734010,321610,1055620,2015,28984,C,Masonry,,0.4265301017,69,1.56,67953,,,157,1,35,,1.21,,,,,,,,,,,,Bexar,TX,78202,Industrial,8/4/2016,,Sold,,,,Warehouse,,,,,28984,2 Star,S06,Northeast,Multi,30245.46,28984,,1957
47,,92040,36000,128040,2015,4018,C,Masonry,,0.4464940549,71,0.21,8999,,,,1,15,1,4.24,10.004978,,,,,,,,,,,Bexar,TX,78211,Industrial,8/23/2016,,Sold,,,,Showroom,5403 S Zarzamora St,San Antonio,Acuna III Furniture Inc,Yolanda Perez,4018,1 Star,S08,South,Single,4384.79,4018,,1970
45,2500000,,,,,19000,C,Metal,,0.0872359963,,5,217800,100,,146,1,20,1,1.05,17,,,,,,,,,,,Bexar,TX,78222,Industrial,10/31/2016,,Sold,,,,Showroom,,,,,19000,2 Star,S08,South,Single,24019.85,19000,,1972
55,,182020,25610,207630,2016,6664,C,Masonry,,0.4580383532,87,0.33,14549,,,,1,17,,2.69,30.012005,,,,,,,,,,,Bexar,TX,78208,Industrial,1/2/2017,,Sold,,,,Distribution,,,,,6664,1 Star,S06,Northeast,Single,,6664,,1962
50,,178560,71410,249970,2014,11919,C,Reinforced Concrete,,0.5007772783,71,0.55,23801,,,,1,22,1,1.85,,,,,,,,,,,,Bexar,TX,78212,Industrial,7/1/2015,,Sold,,,,Warehouse,,,,,11919,2 Star,S05,North Central,Multi,7415.85,11919,,1967
50,,178560,71410,249970,2014,11919,C,Reinforced Concrete,,0.5007772783,71,0.55,23801,,,,1,22,1,1.85,,,,,,,,,,,,Bexar,TX,78212,Industrial,7/1/2015,,Sold,,,,Warehouse,,,,,11919,2 Star,S05,North Central,Multi,7415.85,11919,,1967
45,,249904,31690,281594,2014,17575,C,Reinforced Concrete,,0.360239408,88,1.12,48787,,,,1,20,1,1.14,,,,,,,,,,,,Bexar,TX,78204,Industrial,5/21/2015,,Sold,,,,Manufacturing,,,,,17575,2 Star,S01,CBD,Multi,9630.37,17575,,1972
52,,96120,796640,892760,2015,22061,C,Masonry,,0.664728215,10,0.76,33188,,,,1,12,2,,,,,,,,,,,,,Bexar,TX,78215,Industrial,5/23/2016,,Sold,,,,Manufacturing,902 Avenue B,San Antonio,James G McCormick,James McCormick,22061,2 Star,S01,CBD,Single,33868.86,22061,,1965
30,,0,2466540,2466540,2015,11475,C,Metal,,0.0805596703,0,3.27,142441,,,,1,25,,4.39,45.620915,,,,,,,,,,,Bexar,TX,78233,Industrial,5/23/2016,,Sold,,,,Warehouse,,,Antonio Leano Reyes,Antonio Reyes,11475,2 Star,S06,Northeast,Single,34754.79,11475,,1987
5,,0,5332935,5332935,2015,96000,B,Reinforced Concrete,,0.0312789269,0,70.46,3069159,,,,1,80,,,,,,,,,,,,,,Guadalupe,TX,78154,Industrial,7/1/2016,,Sold,,,,Warehouse,,,Us R & E Lp,,96000,3 Star,S12,Guadalupe County,Single,,96000,,2012
24,,703670,426880,1130550,2016,19645,B,Masonry,,0.276682347,62,1.63,71002,,,,1,,1,,,,,,,,,,,,,Bexar,TX,78249,Industrial,9/20/2016,,Sold,,,,,,,,,19645,2 Star,S07,Northwest,Single,30358.72,19645,,1993
24,,403480,52270,455750,2016,7600,C,Metal,,0.2326293235,88,0.75,32670,,,,1,30,1,3.95,,,,,,,,,,,,Bexar,TX,78219,Industrial,11/4/2016,,Sold,Private Individual Fas Fiancial Inc,,,Manufacturing,,,,,7600,2 Star,S06,Northeast,Multi,,7600,,1993
53,,29520,58290,87810,2016,2665,C,Masonry,,0.1902484295,33,0.32,14008,,,,1,9,1,3.38,,,,,,,,,,,,Bexar,TX,78216,Industrial,9/5/2016,,Sold,,,,Service,,,,,2665,1 Star,S05,North Central,Single,4134.37,2665,,1964
72,,62340,26140,88480,2014,4257,C,Wood Frame,,0.2443181818,70,0.4,17424,,,,1,2,,,,,,,,,,,,,,Bexar,TX,78221,Industrial,5/28/2015,,Sold,,,,Warehouse,,,,,4257,1 Star,S08,South,Single,3359.05,4257,,1945
26,,358217,98711,456928,2015,15492,C,Metal,,0.1778236915,78,2,87120,,,,1,16,1,1.03,,,,,,,,,,,,Guadalupe,TX,78154,Industrial,9/23/2015,,Sold,,,,Distribution,,,,,15492,2 Star,S12,Guadalupe County,Multi,9511.41,15492,,1991
15,,406360,74490,480850,2015,21300,B,,,0.1796407186,84,2.72,118570,,,,1,80,,3.76,,,,,,,,,,,,Bexar,TX,78023,Industrial,9/29/2015,,Sold,,,,Warehouse,,,,,21300,2 Star,S04,Far Northwest,Single,10728.63,21300,,2002
52,,272370,179230,451600,2015,23227,C,Masonry,,0.1464889819,60,3.64,158558,,,,1,18,1,0.77,,,,,,,,,,,,Bexar,TX,78219,Industrial,11/5/2015,,Sold,,,,Service,,,,,23227,2 Star,S06,Northeast,Multi,12184.37,23227,,1965
33,,2350800,219200,2570000,2015,69700,B,Masonry,"19'3""",0.4547026167,91,3.52,153287,,,,1,75,1,1.17,,Y,,,,,,,,,,Bexar,TX,78244,Industrial,2/10/2016,,Sold,,,,Manufacturing,907 Eventide Dr,San Antonio,Warrilow Janice M & Leonard J,Janice Warrilow,69700,3 Star,S06,Northeast,Single,93637.73,69700,,1984
47,,,,,,83000,B,Masonry,"12'0""-16'0""",0.2494005373,,7.64,332798,,,,1,145,,2.36,3.614458,,,,,,,,,,,Bexar,TX,78223,Industrial,10/6/2015,,Sold,,,,Warehouse,1321 Lake Shore Dr,Sarasota,W M C Trust,Linda Winn,83000,3 Star,S08,South,Multi,34383.62,83000,,1970
42,,3155410,244590,3400000,2015,131755,B,Masonry,"21'0""-22'0""",0.608711521,92,4.97,216449,8200,,1008,1,,1,2,,,,,,,,,,,5.69,Bexar,TX,78219,Industrial,3/31/2016,,Sold,,,,Distribution,,Houston,U.S. Investments,Mark Nordquist,131755,3 Star,S06,Northeast,Single,102868.76,131755,,1975
38,,221210,32180,253390,2014,6300,C,Metal,"12'0""",0.2858309514,87,0.51,22041,,,,1,10,3,1.58,,,,,,,,,,,,Bexar,TX,78238,Industrial,9/4/2015,,Sold,,,,Warehouse,,,,,6300,1 Star,S07,Northwest,Multi,9054.22,6300,,1979
21,,491590,88410,580000,,16280,C,Metal,"16'0""-18'0""",0.2768424991,84,1.35,58806,,,,1,25,,1.53,24.570025,,,,,,,,,,,Bexar,TX,78023,Industrial,5/26/2015,,Sold,,,,,,,,,16280,2 Star,S04,Far Northwest,Single,17621.65,16280,,1996
59,,287530,72650,360180,2014,21900,C,Metal,,0.9043981004,79,0.56,24215,1603,,,1,,2,,,,,,,,,,,,,Bexar,TX,78201,Industrial,4/20/2015,,Sold,,,,Warehouse,,,,,21900,2 Star,S05,North Central,Multi,10505.92,21900,,1958
35,,311790,156820,468610,2014,9500,C,Masonry,,0.0726966636,66,3,130680,,,,1,36,1,3.79,,,,,,,,,,,,Bexar,TX,78219,Industrial,6/11/2015,,Sold,,,,Service,,,,,9500,2 Star,S06,Northeast,Multi,13708.77,9500,,1982
61,,152690,71660,224350,2015,7315,C,Metal,,0.1679292929,68,1,43560,,,,1,20,,2.73,,,,,,,,,,,,Bexar,TX,78211,Industrial,2/10/2016,,Sold,,,,Warehouse,,,,,7315,1 Star,S08,South,Single,5704.8,7315,,1956
23,,369790,580910,950700,2015,10200,C,Masonry,,0.0669027942,38,3.5,152460,,,,1,50,2,4.05,,,,,,,,,,,,Bexar,TX,78216,Industrial,5/31/2016,,Sold,Private Individual Fas Fiancial Inc,,,Warehouse,,,,,10200,2 Star,S05,North Central,Single,31258.12,10200,,1994
11,1050000,693700,288320,982020,2015,14000,C,,,0.062650473,70,5.13,223462,611,,169,1,,,,,,,,,,,,,,,Bexar,TX,78023,Industrial,6/2/2016,,Sold,,,,Warehouse,"5080 Spectrum Dr, 400E",Addison,Wells Fargo Home Mortgage,,14000,2 Star,S04,Far Northwest,Single,26202.4,14000,,2006
9,,0,1192360,1192360,2015,130707,B,Masonry,"32'0""",0.122474279,0,24.5,1067220,,,,1,100,3,,,,,,,,,,,,,Bexar,TX,78247,Industrial,8/16/2016,,Sold,,,,Warehouse,"17303 Green Mountain Rd, 100",San Antonio,Green Mountain Properties,Mike Dolan,130707,5 Star,S05,North Central,Multi,,130707,,2008
34,,973510,76490,1050000,2016,15200,C,Metal,,0.283698533,92,1.23,53578,,,,1,30,1,1.97,,,,,,,,,,,,Bexar,TX,78109,Industrial,9/22/2016,,Sold,,,,Service,,,,,15200,2 Star,S06,Northeast,Multi,28604.05,15200,,1983
52,615000,357150,98480,455630,2016,32656,C,Metal,"16'0""",0.5170197271,78,1.45,63162,10103,,417,1,10,,0.31,16.000122,N,,,,,,,,,,Bexar,TX,78220,Industrial,9/23/2016,,Sold,,,,Manufacturing,1566 Miles St,Houston,RackExpress,Stanley Katz,32656,2 Star,S06,Northeast,Multi,12859.72,32656,,1965
45,,1700,29340,31040,2015,4400,C,Masonry,,0.6990784874,5,0.14,6294,,,,1,10,1,2.39,,,,,,,,,,,,Bexar,TX,78202,Industrial,10/28/2015,,Sold,,,,Service,,,,,4400,1 Star,S06,Northeast,Multi,4451.23,4400,,1972
13,,91890,16140,108030,2015,2000,C,,,0.1858908821,85,0.25,10759,,,,1,,,,,,,,,,,,,,,Bexar,TX,78221,Industrial,3/10/2016,,Sold,,,,Warehouse,,,,,2000,1 Star,S08,South,,7069.1,2000,,2004
43,,1766610,128390,1895000,2015,38978,C,Masonry,,0.3734311828,93,2.4,104378,,,,1,40,,1.02,10,,,,,,,,,,,Bexar,TX,78219,Industrial,12/29/2015,,Sold,Texas Capital Bank N.A.,,,Warehouse,4311 Director Dr,San Antonio,Improved Piping Products Inc,Duncan Schlicht,38978,3 Star,S06,Northeast,Multi,51127.95,38978,,1974
62,,190550,65450,256000,,6600,C,Metal,,0.6060606061,74,0.25,10890,,,,1,11,1,1.67,40,,,,,,,,,,,Bexar,TX,78212,Industrial,3/9/2015,,Sold,,,,Service,,,,,6600,1 Star,S05,North Central,Single,9885.91,6600,,1955
21,,294400,291550,585950,2014,7242,C,Metal,,0.0280833737,50,5.92,257875,,,,1,20,2,2.76,,,,,,,,,,,,Bexar,TX,78219,Industrial,6/22/2015,,Sold,,,,Truck Terminal,711 Ridgemont Ave,San Antonio,John M III & Rebecca Canavan,,7242,1 Star,S06,Northeast,Multi,15946.79,7242,,1996
15,,320523,74490,395013,,21300,B,,,0.1796407186,81,2.72,118570,,,,1,80,,3.76,,,,,,,,,,,,Bexar,TX,78023,Industrial,4/27/2015,,Sold,,,,Warehouse,,,,,21300,2 Star,S04,Far Northwest,Single,10728.63,21300,,2002
11,,693700,288320,982020,2015,14000,C,,,0.062650473,70,5.13,223462,,,,1,,,,,,,,,,,,,,,Bexar,TX,78023,Industrial,9/1/2015,,Sold,,,,Warehouse,,,,,14000,2 Star,S04,Far Northwest,Single,21910.64,14000,,2006
57,350000,167290,58490,225780,2015,3864,C,Metal,"14'0""-16'0""",1.98E-05,74,4476,194974560,10103,,147,1,10,,2,22.360248,,,,,,,,,,,Bexar,TX,78227,Industrial,12/10/2015,,Sold,,,,Service,,,,,3864,1 Star,S10,Far West,Single,6075.62,3864,,1960
67,,409230,102550,511780,2015,23114,C,Masonry,,0.8789595771,79,0.6,26297,,,,1,10,2,0.43,,,,,,,,,,,,Bexar,TX,78204,Industrial,12/9/2015,,Sold,,,,Showroom,111 Binham Heights,San Antonio,Mark Klein,Mark Klein,23114,2 Star,S01,CBD,Multi,13808.05,23114,,1950
34,,441560,52070,493630,2015,14800,C,Metal,,0.3752160885,89,0.8,34708,,,,2,20,2,1.41,27.027027,N,,,,,,,,,,Bexar,TX,78109,Industrial,2/11/2016,,Sold,,,,Warehouse,12107 Woodsrim St,Live Oak,Mark Stewart,Mark Stewart,14800,2 Star,S06,Northeast,Multi,20923.45,13023,,1983
8,,451029,148970,599999,2015,9250,B,,"11'0""-22'0""",0.0420496595,75,5.05,219978,,,,1,14,1,1.51,16.216216,,,,,,,,,,,Guadalupe,TX,78124,Industrial,11/23/2015,,Sold,,,,Warehouse,2023 Elm Creek Rd,Seguin,Benjamin F & Lynda J Day Jr,Benjamin Day,9250,2 Star,S12,Guadalupe County,Single,17763.07,9250,,2009
45,,543200,65340,608540,2015,9708,C,Metal,"14'0""",0.2228650138,89,1,43560,2001,,14,1,37,1,3.81,54.037907,Y,,,,,,,,,,Bexar,TX,78219,Industrial,4/27/2016,,Sold,,,,Service,,,,,9708,2 Star,S06,Northeast,Multi,22940.23,9708,,1972
37,,1292670,287330,1580000,2015,71934,C,Masonry,"24'0""",0.1876565239,81,8.8,383328,,,,1,24,1,0.76,6,,,,,,,,,,,Bexar,TX,78219,Industrial,8/26/2016,,Sold,,,,Warehouse,,,,,71934,3 Star,S08,South,Multi,52637.85,71934,,1980
42,,170220,27900,198120,2015,5700,C,Masonry,,0.1612903226,85,0.43,18600,,,,2,12,,2.11,,,,,,,,,,,,Bexar,TX,78219,Industrial,12/2/2015,,Sold,,,,Manufacturing,,,,,5700,1 Star,S06,Northeast,Multi,5345.37,3000,,1975
36,,496760,153090,649850,2015,10000,C,Metal,,0.0981065437,76,2.34,101930,,,,1,90,1,9,,,,,,,,,,,,Bexar,TX,78219,Industrial,10/21/2015,,Sold,,,,Service,5845 Winding Rdg,San Antonio,Clinton C & Robbie Sue Storbeck,Clinton Storbeck,10000,2 Star,S06,Northeast,Single,17533.24,10000,,1981
44,,390860,134920,525780,2014,7600,C,Masonry,,0.0958639741,74,1.82,79279,,,,1,50,,6.58,,,,,,,,,,,,Bexar,TX,78211,Industrial,7/27/2015,,Sold,,,,,,,,,7600,2 Star,S08,South,Multi,,7600,,1973
50,,178560,71410,249970,2014,11919,C,Reinforced Concrete,,0.5007772783,71,0.55,23801,,,,1,22,1,1.85,,,,,,,,,,,,Bexar,TX,78212,Industrial,7/1/2015,,Sold,,,,Warehouse,,,,,11919,2 Star,S05,North Central,Multi,7415.85,11919,,1967
38,,454380,81310,535690,2014,17272,C,Metal,,0.1423227146,84,2.79,121358,,,,1,25,1,1.45,,,,,,,,,,,,Bexar,TX,78220,Industrial,6/5/2015,,Sold,,,,Warehouse,,,,,17272,2 Star,S08,South,Single,17590.71,17272,,1979
91,,123010,135100,258110,2014,14500,B,Reinforced Concrete,"14'0""-16'0""",0.4292989105,47,0.39,16888,,,,2,20,,1.25,,Y,,,,,,,,,,Bexar,TX,78204,Industrial,5/14/2015,,Sold,,,,Warehouse,,,,,14500,2 Star,S01,CBD,Single,,7250,,1926
47,,0,0,125640,2010,3800,C,Metal,,0.2055709734,0,0.45,19458,,,,2,20,1,5.26,,,,,,,,,,,,Bexar,TX,78203,Industrial,7/10/2015,,Sold,,,,Warehouse,,,,,3800,1 Star,S06,Northeast,Single,,4000,,1970
25,,827841,89709,917550,2014,10000,C,Metal,,0.0683242121,90,3.36,146361,,,,1,35,1,3.5,,,,,,,,,,,,Guadalupe,TX,78154,Industrial,7/16/2015,,Sold,,,,Manufacturing,600 Oak Brook Dr,New Braunfels,Rebo Enterprises Ltd,Diane Bornmann,10000,2 Star,S12,Guadalupe County,Multi,,10000,,1992
49,,69310,108430,177740,2015,5670,C,Metal,,0.1495489793,38,0.87,37914,,,,1,,,,,,,,,,,,,,,Bexar,TX,78204,Industrial,9/23/2015,,Sold,,,,Warehouse,,,,,5670,1 Star,S01,CBD,Multi,4795.51,5670,,1968
62,,262910,28620,291530,2015,11929,C,Metal,,0.554373083,90,0.49,21518,,,,1,52,1,4.36,,,,,,,,,,,,Bexar,TX,78207,Industrial,12/31/2015,,Sold,,,,Warehouse,,,,,11929,1 Star,S07,Northwest,Single,7865.61,11929,,1955
42,800000,586380,138590,724970,2015,15640,C,Masonry,"12'0""-20'0""",0.3633744569,80,0.99,43041,,,336,1,8,,1.15,,Y,,,,,,,,,,Bexar,TX,78238,Industrial,1/7/2016,,Sold,,,,Warehouse,5423 Jackwood Dr,San Antonio,Texas Scenic Company Inc,Richard Mecke,15640,2 Star,S07,Northwest,Multi,20769.49,15640,,1975
52,,149190,59050,208240,2015,3520,C,Masonry,,0.2980777373,71,0.27,11809,,,,1,8,1,2.27,,,,,,,,,,,,Bexar,TX,78216,Industrial,1/12/2016,,Sold,,,,Service,,,,,3520,1 Star,S05,North Central,Single,6795.76,3520,,1965
12,,224760,60110,284870,2015,4160,B,Metal,"14'0""-16'0""",0.0955004591,78,1,43560,,,,1,8,1,1.92,12.019231,,,,,,,,,,,Bexar,TX,78219,Industrial,3/11/2016,,Sold,,,,Warehouse,,,,,4160,1 Star,S06,Northeast,Single,10374.03,4160,,2005
45,,543200,65340,608540,2015,9708,C,Metal,"14'0""",0.2228650138,89,1,43560,,,144,1,37,1,3.81,54.037907,Y,,,,,,,,,,Bexar,TX,78219,Industrial,3/21/2016,,Sold,,,,Service,8007 NE Loop 410,San Antonio,Ronald C & Irene Dausin,Ronald Dausin,9708,2 Star,S06,Northeast,Multi,22940.23,9708,,1972
34,,375370,89630,465000,2015,10200,C,Masonry,,0.4415775575,80,0.53,23099,,,,1,18,1,1.86,,,,,,,,,,,,Bexar,TX,78216,Industrial,3/18/2016,,Sold,,,,Service,,,,,10200,2 Star,S05,North Central,Multi,13339.28,10200,,1983
,,84160,25080,109240,2015,1440,B,,,0.026986001,77,1.23,53361,,,,1,,,,,,,,,,,,,,,Bexar,TX,78109,Industrial,6/7/2016,,Sold,,,,,,,,,1440,1 Star,S08,South,Single,3529.42,1440,,
57,,117650,15630,133280,2015,3948,C,Masonry,,0.3472673789,88,0.15,6459,,,,2,12,,3.04,,,,,,,,,,,,Bexar,TX,78204,Industrial,6/24/2016,,Sold,,,,Warehouse,,,,,3948,1 Star,S08,South,Multi,3742.51,2243,,1960
32,,351400,73220,424620,2015,15000,,,,0.2152203857,82,1.6,69696,,,,1,,,,,,,,,,,,,,,Bexar,TX,78217,Industrial,7/25/2016,,Sold,,,,Warehouse,,,,,15000,,S06,Northeast,Multi,,15000,,1985
33,750000,,,,,8133,C,Masonry,"16'0""",0.3202598937,,0.58,25395,9311,,175,1,8,,0.98,,,,,,,,,,,,Bexar,TX,78217,Industrial,8/17/2016,,Sold,,,,Warehouse,,,,,8133,2 Star,S06,Northeast,Multi,13038.28,8133,,1984
45,,620920,304770,925690,,19000,C,Metal,,0.0872359963,67,5,217800,,,,1,20,1,1.05,17,,,,,,,,,,,Bexar,TX,78222,Industrial,10/25/2016,,Sold,,,,Showroom,,,,,19000,2 Star,S08,South,Single,24019.85,19000,,1972
42,,782600,282400,1065000,2016,16670,C,Metal,,0.1393125465,73,2.75,119659,,,,1,17,1,0.68,,,,,,,,,,,,Bexar,TX,78217,Industrial,12/1/2016,,Sold,,,,Truck Terminal,,,,,16670,2 Star,S06,Northeast,Multi,28699.67,16670,,1975
57,,248790,2151210,2400000,2016,39600,B,,,0.303030303,10,3,130680,,,,1,24,5,,,,,,,,,,,,,Bexar,TX,78204,Industrial,12/15/2016,,Sold,,,,Service,,,,,39600,1 Star,S01,CBD,Multi,,39600,85.77,1960
54,,1658280,341720,2000000,2016,45500,B,Reinforced Concrete,"25'0""-27'0""",0.4352234466,82,2.4,104544,,,,1,75,1,1.73,13.406593,Y,,,,,,,,,,Bexar,TX,78207,Industrial,1/19/2017,,Sold,,,,Warehouse,4328 Marsh Ridge Rd,Carrollton,CROSS Development,Steve Rumsey,45500,2 Star,S05,North Central,Single,,45500,,1963
32,,475510,32650,508160,2015,6187,C,Masonry,"18'0""",0.3789660664,93,0.37,16326,,,,1,11,,1.87,55,,,,,,,,,,,Bexar,TX,78218,Industrial,7/11/2016,,Sold,,,,Warehouse,,,,,6187,1 Star,S06,Northeast,Multi,14043.98,6187,,1985
12,990000,418717,105532,524249,2015,8040,B,Metal,,0.0924765071,79,2,86941,,,72,1,16,,1.99,31.343284,,,,,,,,,,,Guadalupe,TX,78154,Industrial,12/18/2015,,Sold,,,,Service,907 E Zipp Rd,New Braunfels,Ronald R Kuntz & Suzanne M,Ronald Kuntz,8040,2 Star,S12,Guadalupe County,Single,10912.77,8040,,2005
52,,327320,138590,465910,2014,4000,C,Masonry,"18'0""",0.3093102382,70,0.3,12932,,,,1,7,1,1.75,,,,,,,,,,,,Bexar,TX,78216,Industrial,5/26/2015,,Sold,,,,Service,,,,,4000,1 Star,S05,North Central,Multi,5646.29,4000,,1965
31,,1359250,215750,1575000,2015,29450,B,Reinforced Concrete,,0.2156551743,86,1.65,71874,,,,2,42,,1.43,,,,,,,,,,,,Bexar,TX,78240,Industrial,12/14/2015,,Sold,,,,Manufacturing,4918 Golden Quail,San Antonio,Donosti Of Texas Inc,Federico Toca,29450,2 Star,S07,Northwest,Single,42382.38,15500,,1986
38,,56680,51310,107990,2015,3040,C,Metal,,0.1184908014,52,0.59,25656,,,,1,7,,2.3,,,,,,,,,,,,Bexar,TX,78217,Industrial,4/4/2016,,Sold,,,,Service,,,,,3040,1 Star,S05,North Central,Multi,3889.14,3040,,1979
25,,244530,39870,284400,2015,800,C,,,0.0026861953,85,6.84,297819,,,,1,,,,,,,,,,,,,,,Bexar,TX,78109,Industrial,6/7/2016,,Sold,,,,Warehouse,,,,,800,1 Star,S08,South,Single,,800,,1992
52,675000,132500,52500,185000,,8184,C,Metal,,0.4677105955,71,0.4,17498,,,208,1,10,1,1.22,24.437928,,,,,,,,,,,Bexar,TX,78217,Industrial,5/13/2015,,Sold,,,,,,,,,8184,2 Star,S05,North Central,Multi,8000.2,8184,,1965
22,,471980,66910,538890,2014,10500,C,,,0.2353996189,87,1.02,44605,18503,,,1,,1,,,,,,,,,,,,,Bexar,TX,78023,Industrial,7/28/2015,,Sold,,,,Warehouse,,Lubbock,Jimmy & Terri H Shankle,Jimmy Shankle,10500,2 Star,S04,Far Northwest,Single,18897.7,10500,,1995
33,,114010,78280,192290,2015,3392,B,,,0.4333716622,59,0.18,7827,,,,1,,,,,,,,,,,,,,,Bexar,TX,78201,Industrial,4/21/2016,,Sold,,,,Manufacturing,,,,,3392,1 Star,S07,Northwest,Single,6366.5,3392,,1984
53,,112900,128330,241230,2016,2665,C,Masonry,,0.1902484295,46,0.32,14008,,,,1,9,1,3.38,,,,,,,,,,,,Bexar,TX,78216,Industrial,9/5/2016,,Sold,,,,Service,,,,,2665,1 Star,S05,North Central,Single,4134.37,2665,,1964
13,,,,,,4900,C,,"18'0""",0.0157547152,,7.14,311018,200,,449,1,,,,30.612245,,,,,,,,,,,Bexar,TX,78109,Industrial,2/16/2017,,Sold,,,,Warehouse,,,,,4900,1 Star,S06,Northeast,Single,,4900,,2004
33,,275130,39600,314730,2015,8400,C,Metal,,0.5833333333,87,0.33,14400,,,,1,8,1,1,,,,,,,,,,,,Bexar,TX,78233,Industrial,11/23/2015,,Sold,,,,Warehouse,,,,,8400,2 Star,S06,Northeast,Multi,8593.53,8400,,1984
33,3950000,1849910,500090,2350000,2015,70416,B,Masonry,"17'0""-19'0""",0.2971565541,78,5.44,236966,8023,,280,1,80,,1.18,10.185185,,,,,,,,,,,Bexar,TX,78257,Industrial,11/16/2015,,Sold,American Bank of Texas,,,Manufacturing,41 Westlem Cir,San Antonio,"ILF Properties G.P., LLC",Ian Fisher,70416,3 Star,S04,Far Northwest,Single,63237.21,70416,,1984
18,,2496770,214790,2711560,2016,49170,C,Masonry,,0.3839426546,92,2.94,128066,,,,1,40,1,0.81,,,,,,,,,,,,Bexar,TX,78219,Industrial,12/21/2016,,Sold,,,,Warehouse,,,,,49170,3 Star,S08,South,Single,76531.21,49170,,1999
10,,169900,173650,343550,2015,3180,B,Metal,"14'6""-16'5""",0.0289693999,49,2.52,109771,7373,,16,1,25,,7.86,,,,,,,,,,,,Bexar,TX,78217,Industrial,12/7/2015,,Sold,,,,Warehouse,2705 Colonial Pky,Fort Worth,Clifton H Morris III,Clifton Morris,3180,1 Star,S05,North Central,Single,9380.44,3180,,2007
3,,628090,53800,681890,2015,4900,B,,,0.0224977043,92,5,217800,,,,1,,,,,,,,,,,,,,,Bexar,TX,78263,Industrial,10/19/2015,,Sold,,,,Warehouse,5122 Stormy Dawn,San Antonio,Richard Moody,Richard Moody,4900,1 Star,S08,South,Single,,4900,,2014
50,1450000,327360,194970,522330,2014,13829,C,Masonry,,0.3369146811,62,0.94,41046,12040,,145,1,11,,,,,,,,,,,,,,Bexar,TX,78216,Industrial,6/29/2015,,Sold,,,,Manufacturing,2210 Copper Hill,San Antonio,Mac-bet Properties Llc,Gretchen Willis,13829,2 Star,S05,North Central,Multi,,13829,,1967
3,795000,0,53800,53800,2014,4900,B,,,0.1138555197,0,0.99,43037,250,,337,1,,,,,,,,,,,,,,,Bexar,TX,78263,Industrial,5/6/2015,,Sold,,,,Warehouse,200 Heritage Vw,Adkins,Katherine J Moody,Katherine Moody,4900,1 Star,S08,South,Single,15449.9,4900,,2014
18,,361650,81050,442700,2016,4797,C,Metal,,0.3135704014,81,0.35,15298,,,,1,15,1,3.13,,,,,,,,,,,,Bexar,TX,78233,Industrial,10/7/2016,,Sold,,,,Warehouse,,,,,4797,1 Star,S06,Northeast,Multi,10776.53,4797,,1999
10,875000,,,,,10000,B,Masonry,"22'0""",0.2669442887,,0.86,37461,4408,,70,1,16,1,1.61,,,,,,,,,,,,Comal,TX,78154,Industrial,9/30/2016,,Sold,,,,Warehouse,8526 N New Braunfels Ave,San Antonio,John Lane & Associates,John Lane,10000,2 Star,S33,Comal County,Multi,13687.29,10000,100,2007
42,,366160,121840,488000,2015,10180,C,Masonry,"11'0""",0.0597852898,75,3.91,170276,1000,,,1,40,1,3.92,,,,,,,,,,,,Bexar,TX,78220,Industrial,9/30/2015,,Sold,,,,Warehouse,9388 Corporate Dr,Schertz,Keller Material,Steve Keller,10180,2 Star,S08,South,Multi,13166.46,10180,,1975
37,,1808690,504750,2313440,2015,69903,C,Reinforced Concrete,,0.3458524228,78,4.64,202118,12127,,,1,50,3,0.71,,,,,,,,,,,,Bexar,TX,78219,Industrial,1/9/2016,,Sold,,,,Distribution,4130 Platinum Way,Dallas,Uni-Select USA,Richard Buzzard,69903,3 Star,S06,Northeast,Multi,63823.78,69903,,1980
22,,11594560,555440,12150000,2015,188438,C,Masonry,,0.4266218095,95,10.14,441698,,,,1,70,4,0.37,,,,,,,,,,,,Bexar,TX,78219,Industrial,2/9/2016,,Sold,,,,Refrigeration/Cold Storage,21700 Barton Rd,Colton,Bay Grove Capital LLC,,188438,3 Star,S06,Northeast,Multi,338688.6,188438,,1995
59,950000,716460,234510,950970,2015,17280,C,Metal,"10'0""-13'0""",0.0918274622,75,4.32,188179,111,,85,1,30,1,1.44,15.625,,,,,,,,,,,Bexar,TX,78214,Industrial,5/12/2016,,Sold,,,,Truck Terminal,,,,,17280,2 Star,S08,South,Single,27973.88,17280,,1958
47,,868450,636740,1505190,2015,40000,C,Masonry,"24'0""",0.4591368228,57,2,87120,,,,1,38,5,,,,,,,,,,,,,Bexar,TX,78230,Industrial,5/27/2016,,Sold,,,,Warehouse,,,,,40000,3 Star,S07,Northwest,Multi,43167.27,40000,26.75,1970
35,656000,,,,,8000,C,Masonry,"12'0""",0.4833252779,,0.38,16552,9311,,217,1,11,,1.37,,,,,,,,,,,,Bexar,TX,78217,Industrial,6/17/2016,,Sold,,,,Warehouse,,,,,8000,2 Star,S06,Northeast,Multi,10444.26,8000,,1982
41,,69360,81000,150360,2015,7600,C,Metal,,0.3190328268,46,0.55,23822,,,,1,20,,2.63,,,,,,,,,,,,Bexar,TX,78216,Industrial,6/14/2016,,Sold,,,,Service,,,,,7600,1 Star,S05,North Central,Multi,3901.27,7600,,1976
37,,155250,458950,614200,2015,24000,C,Metal,,0.156524121,25,3.52,153331,,,,1,20,,0.83,,,,,,,,,,,,Bexar,TX,78254,Industrial,6/30/2016,,Sold,,,,Warehouse,14543 Contour Pl,Helotes,Timothy J Hansen,Tim Hansen,24000,2 Star,S07,Northwest,Single,21482.44,24000,,1980
9,,0,1192360,1192360,2015,130707,B,Masonry,"32'0""",0.122474279,0,24.5,1067220,,,,1,100,3,,,,,,,,,,,,,Bexar,TX,78247,Industrial,8/16/2016,,Sold,,,,Warehouse,3 Sanctuary Dr,San Antonio,M Theresa Dolan,Theresa Dolan,130707,5 Star,S05,North Central,Multi,,130707,,2008
39,,100,1101370,1101470,2016,19000,C,Metal,,0.0848600702,0,5.14,223898,,,,1,55,1,0.74,,,,,,,,,,,,Bexar,TX,78259,Industrial,1/1/2017,,Sold,,,,Manufacturing,,,,,19000,2 Star,S02,Far North Central,Single,,19000,,1978
23,,850450,272350,1122800,2016,10594,C,Metal,,0.1085740054,75,2.24,97574,,,,1,22,1,2.19,,,,,,,,,,,,Bexar,TX,78247,Industrial,1/1/2017,,Sold,,,,Showroom,,,,,10594,2 Star,S05,North Central,Single,,10594,,1994
35,2370000,5767860,932140,6700000,2016,31600,C,Metal,,0.0973739839,86,7.45,324522,7373,,334,1,132,4,4.89,,,,,,,,,,,,Bexar,TX,78217,Industrial,2/14/2017,,Sold,,,,,,,,,31600,2 Star,S05,North Central,Multi,,31600,75.01,1982
2,500000,565240,29160,594400,2016,246600,B,Reinforced Concrete,"27'0""",18.6113207547,95,0.3,13250,,,27,1,3,6,0.01,,,,,,,,,,,,Bexar,TX,78223,Industrial,12/1/2016,,Sold,,,,Refrigeration/Cold Storage,,,,,246600,4 Star,S08,South,Multi,816.24,246600,20.37,2015
33,,353680,38250,391930,2014,10300,C,Reinforced Concrete,"16'0""",0.5386465851,90,0.44,19122,,,,1,10,2,0.95,,,,,,,,,,,,Bexar,TX,78230,Industrial,4/9/2015,,Sold,,,,Distribution,,,,,10300,2 Star,S07,Northwest,Multi,14338.93,10300,,1984
5,1050000,581520,38480,620000,2014,10080,B,Reinforced Concrete,"17'0""",0.3824991462,93,0.61,26353,7373,,970,1,13,,1.29,10.31746,,,,,,,,,,,Bexar,TX,78219,Industrial,9/8/2015,,Sold,,,,Service,"7898 Broadway St, 100",San Antonio,Richard M Peacock,Richard Peacock,10080,2 Star,S06,Northeast,Single,22347.64,10080,,2012
19,,9330,448150,457480,2015,7440,C,,,0.1067493113,2,1.6,69696,,,,1,36,,4.83,,,,,,,,,,,,Comal,TX,78154,Industrial,9/17/2015,,Sold,,,,Showroom,8519 Tuscan Hills Dr,Garden Ridge,"TNW Properties, LLC",Trawick Womack,7440,1 Star,S33,Comal County,Single,10203.27,7440,,1998
42,,750320,207670,957990,2015,15550,C,Masonry,,0.0845922436,78,4.22,183823,,,,1,20,,1.28,,,,,,,,,,,,Bexar,TX,78219,Industrial,10/6/2015,,Sold,,,,Truck Terminal,"1336 Glenarm Pl, 200",Denver,Ringsby Realty,,15550,2 Star,S06,Northeast,Multi,25847,15550,,1975
,,264110,49730,313840,,4750,C,,,0,84,0.46,19889,,,,,,,,,,,,,,,,,,,Bexar,TX,78233,Industrial,11/6/2015,,Sold,,,,,13102 Lookout Way,San Antonio,"Lookout Metals, LLC",,4750,1 Star,S06,Northeast,,,,,
37,,166460,51330,217790,2015,5734,C,Metal,,0.2793121925,76,0.47,20529,,,,1,16,1,2.79,,,,,,,,,,,,Bexar,TX,78207,Industrial,9/30/2015,,Sold,,,,Warehouse,,,,,5734,1 Star,S07,Northwest,Multi,5876.07,5734,,1980
48,2800000,1855050,1344950,3200000,2015,208784,B,Reinforced Concrete,"16'0""-18'0""",0.2083922226,57,23,1001880,10103,,2575,1,701,,3.35,11.495134,Y,,,,,,,,,,Bexar,TX,78227,Industrial,3/8/2016,,Sold,,,,Manufacturing,,,,,208784,3 Star,S10,Far West,Multi,93985.68,208784,99.62,1969
12,,183648,58871,242519,2015,2000,B,Metal,,0.0459136823,75,1,43560,,,,1,22,1,,,,,,,,,,,,,Guadalupe,TX,78154,Industrial,1/1/2016,,Sold,,,,Service,,,,,2000,1 Star,S12,Guadalupe County,Single,,2000,,2005
67,315000,41290,71110,112400,2015,811,C,,"12'0""",0.0285121643,36,0.65,28444,801,,15,1,,,,,,,,,,,,,,,Bexar,TX,78207,Industrial,6/30/2016,,Sold,,,,Truck Terminal,,,Guerrero & Morales Llc,Michael Guerrero,811,1 Star,S07,Northwest,Single,3437.12,811,100,1950
41,,240880,88470,329350,2016,9234,C,Metal,,0.1648016277,73,0.68,29490,,,,2,14,1,1.52,,,,,,,,,,,,Bexar,TX,78216,Industrial,9/20/2016,,Sold,,,,Warehouse,,,,,9234,2 Star,S05,North Central,Multi,8875.34,4860,,1976
4,,589800,208540,798340,2016,4900,B,Metal,"18'0""",0.0304023031,73,3.7,161172,,,,1,30,1,6.12,28.571429,,,,,,,,,,,Bexar,TX,78263,Industrial,10/31/2016,,Sold,,,,Warehouse,,,,,4900,1 Star,S08,South,Single,17031.43,4900,,2013
9,,580630,315910,896540,2015,6160,B,Metal,,0.061485023,64,2.3,100187,,,,1,25,1,4.06,,,,,,,,,,,,Bexar,TX,78109,Industrial,5/27/2016,,Sold,,,,Warehouse,,,Burle & Cozette Robins,Burle Robins,6160,1 Star,S08,South,Single,20628.7,6160,,2008
31,,1426390,252210,1678600,2015,46900,B,Masonry,"17'0""-24'0""",0.4125216596,84,2.61,113691,200,,,1,,11,3.92,,N,,,,,,,,,,Bexar,TX,78247,Industrial,2/19/2016,,Sold,,,,Warehouse,"1370 Reynolds Ave, 120",Irvine,RLA Advisors,,46900,3 Star,S05,North Central,Multi,216828.24,46900,10.23,1986
42,450000,209310,77320,286630,2015,20000,C,Metal,"18'0""",0.1476330728,73,3.11,135471,8026,,97,1,40,1,1.88,,,,,,,,,,,,Bexar,TX,78219,Industrial,11/11/2015,,Sold,,,,Warehouse,,Austin,"LOBI Investments, LLC",Walter Biel,20000,2 Star,S08,South,,7840.61,20000,,1975
27,650000,202100,17030,219130,2014,6960,C,Masonry,,0.1761442034,92,0.78,34063,100,,40,2,30,,1.44,,,,,,,,,,,,Bexar,TX,78244,Industrial,3/30/2015,,Sold,,,,Manufacturing,"100 NE Loop 410, 1500",San Antonio,Stream Realty Partners-Central Texas,,6960,1 Star,S06,Northeast,Multi,11420.21,6000,,1990
3,,628090,54400,682490,2015,4900,B,Metal,"18'0""",0.1136258232,92,0.99,43124,,,,1,30,,6.12,28.571429,,,,,,,,,,,Bexar,TX,78263,Industrial,8/7/2015,,Sold,,,,Warehouse,200 Heritage Vw,Adkins,Katherine J Moody,Katherine Moody,4900,1 Star,S08,South,Single,14483.63,4900,,2014
52,,181560,45440,227000,2015,10700,C,Metal,,0.7416649338,79,0.33,14427,,,,1,7,2,0.64,11.691589,,,,,,,,,,,Bexar,TX,78212,Industrial,7/15/2016,,Sold,,,,Manufacturing,,,,,10700,2 Star,S05,North Central,Multi,7990.79,10700,,1965
38,,286030,794640,1080670,2016,18000,C,Masonry,,0.0543001167,26,7.61,331491,,,,1,25,1,1.38,,,,,,,,,,,,Bexar,TX,78023,Industrial,10/11/2016,,Sold,,,,Manufacturing,,,,,18000,2 Star,S04,Far Northwest,Multi,26768.57,18000,,1979
72,,2342470,1194710,3537180,2016,21850,C,Masonry,,0.118583725,66,4.23,184258,,,,1,25,1,1.14,,,,,,,,,,,,Bexar,TX,78204,Industrial,12/14/2016,,Sold,,,,Manufacturing,,,,,21850,2 Star,S01,CBD,Multi,99833.55,21850,,1945
13,,588570,140860,729430,2016,4900,B,,"18'0""",0.0219148184,80,5.13,223593,,,,1,,,,28.571429,,,,,,,,,,,Bexar,TX,78109,Industrial,12/22/2016,,Sold,,,,,,,,,4900,1 Star,S06,Northeast,Multi,30379.34,4900,,2004
9,,1083990,86010,1170000,2015,13000,B,Metal,"20'0""",0.2162629758,92,1.38,60112,,,,1,35,2,2.69,,,,,,,,,,,,Bexar,TX,78109,Industrial,4/26/2016,,Sold,,,,Warehouse,,Universal City,TJ Elite Properties,,13000,2 Star,S06,Northeast,Multi,,13000,,2008
31,,2953140,396860,3350000,2015,77000,C,Reinforced Concrete,"18'0""-22'0""",0.3493441857,88,5.06,220413,200,,96,1,96,5,1.39,54,N,,,,,,,,,,Bexar,TX,78233,Industrial,10/28/2015,,Sold,,,,Warehouse,,,,,77000,3 Star,S06,Northeast,Multi,91469.91,77000,,1986
47,,261220,231000,492220,2014,12036,C,Masonry,,0.3126396176,53,0.88,38498,10103,,,1,15,,1.58,,,,,,,,,,,,Bexar,TX,78217,Industrial,3/20/2015,,Sold,,,,Showroom,5 Whispering Winds,Magnolia,Howard & Shirley Herring,Howard Herring,12036,2 Star,S05,North Central,Multi,15749.75,12036,,1970
75,,79930,33570,113500,2014,11832,C,Masonry,,0.5739330064,70,0.22,9583,,,,2,,1,,,,,,,,,,,,,Bexar,TX,78207,Industrial,5/12/2015,,Sold,,,,Warehouse,,,,,11832,2 Star,S07,Northwest,Single,4499.39,5500,,1942
42,,132820,54010,186830,2014,6656,C,Metal,"14'0""",0.2037343128,71,0.75,32670,,,,1,8,1,1.2,,,,,,,,,,,,Bexar,TX,78216,Industrial,9/10/2015,,Sold,,,,Manufacturing,,,,,6656,1 Star,S05,North Central,Single,15580.74,6656,,1975
,,564510,335490,900000,2015,18480,C,,,0.0418632783,62,10.13,441437,,,,1,,1,,,,,,,,,,,,,Bexar,TX,78109,Industrial,11/30/2015,,Sold,,,,,3910 Luz Del Faro,San Antonio,Glenn D Boggs,Glenn Boggs,18480,1 Star,S06,Northeast,,24644.48,18480,,
42,,1892760,1012330,2905090,2014,92318,C,Masonry,"18'0""",0.5298324151,65,4,174240,,,,1,100,2,1.13,5.004441,,,,,,,,,,,Bexar,TX,78218,Industrial,3/18/2015,,Sold,,,,Warehouse,"5245 College Ave, 503",Oakland,Embree Development,Walter Embree,92318,3 Star,S06,Northeast,Multi,85817.89,92318,,1975
27,,183240,349760,533000,2014,12384,C,Metal,,0.0861507638,34,3.3,143748,,,,1,20,,1.61,,,,,,,,,,,,Bexar,TX,78249,Industrial,6/23/2015,,Sold,,,,Warehouse,6436 Babcock Rd,San Antonio,Michael R. Senneff,,12384,2 Star,S07,Northwest,Single,17786.61,12384,,1990
41,,200000,115000,315000,2014,16000,C,Masonry,"18'0""",0.278265709,63,1.32,57499,,,,1,20,,1.4,,,,,,,,,,,,Bexar,TX,78237,Industrial,9/3/2015,,Sold,,,,Warehouse,3900 Glenwood Dr,Fort Worth,Robert W Jones,Robert Jones,16000,2 Star,S07,Northwest,Single,12555.32,16000,,1976
19,,9330,448150,457480,2015,7440,C,,,0.1067493113,2,1.6,69696,,,,1,36,,4.83,,,,,,,,,,,,Comal,TX,78154,Industrial,3/7/2016,,Sold,,,,Showroom,,,,,7440,1 Star,S33,Comal County,Single,10183.79,7440,,1998
4,,,,,,18480,B,,"20'0""-26'0""",0.162545848,,2.61,113691,100,,187,1,,,,16.233766,,,,,,,,,,,Bexar,TX,78263,Industrial,6/6/2016,,Sold,,,,Warehouse,,,,,18480,2 Star,S08,South,Multi,,18480,,2013
45,,14910,182430,197340,2015,30500,C,Metal,"11'0""-21'0""",0.5001393831,7,1.4,60983,,,,1,10,1,1.87,4.918033,N,,,,,,,,,,Bexar,TX,78233,Industrial,4/19/2016,,Sold,,,,Warehouse,,,,,30500,3 Star,S06,Northeast,Multi,28817.98,30500,17.39,1972
9,,0,1192360,1192360,2015,130707,B,Masonry,"32'0""",0.122474279,0,24.5,1067220,,,,1,100,3,,,,,,,,,,,,,Bexar,TX,78247,Industrial,8/16/2016,,Sold,,,,Warehouse,3 Sanctuary Dr,San Antonio,Michael J Dolan,Mike Dolan,130707,5 Star,S05,North Central,Multi,,130707,,2008
30,,350440,51880,402320,2016,4900,B,,,0.2833516452,87,0.4,17293,,,,1,,,,,,,,,,,,,,,Bexar,TX,78247,Industrial,12/28/2016,,Sold,,,,,,,,,4900,1 Star,S05,North Central,,,4900,,1987
72,,206080,61760,267840,2016,5700,C,Masonry,,0.1136665025,76,1.21,52786,,,,2,12,1,2.11,40,,,,,,,,,,,Bexar,TX,78210,Industrial,1/4/2017,,Sold,,,,Warehouse,,,,,5700,1 Star,S06,Northeast,Multi,,6000,,1945
47,,143330,53160,196490,2016,5700,C,Metal,,0.3377777778,72,0.39,16875,,,,1,18,1,3.16,,,,,,,,,,,,Bexar,TX,78217,Industrial,1/31/2017,,Sold,,,,Warehouse,,,,,5700,1 Star,S06,Northeast,Single,,5700,,1970
37,,4949600,1811400,6761000,2016,136936,C,Metal,"15'0""-20'0""",0.3156565657,73,8,348480,,,,2,35,3,0.41,7,,,,,,,,,,,Bexar,TX,78260,Industrial,12/29/2016,,Sold,,,,Warehouse,,,,,136936,3 Star,S02,Far North Central,Multi,147880.99,110000,,1980
34,,595650,89630,685280,2016,10046,C,Masonry,"16'0""",0.4349106022,86,0.53,23099,,,,1,6,1,0.61,,,,,,,,,,,,Bexar,TX,78216,Industrial,9/6/2016,,Sold,,,,Warehouse,,,,,10046,2 Star,S05,North Central,Multi,18466.96,10046,100,1983
67,134900,70180,13130,83310,2016,2574,C,Metal,,0.4221056084,84,0.14,6098,,,163,1,10,,3.89,,,,,,,,,,,,Bexar,TX,78148,Industrial,9/30/2016,,Sold,,,,Warehouse,,,,,2574,1 Star,S06,Northeast,Single,2319.63,2574,,1950
13,,1121130,465250,1586380,,31625,C,Metal,,0.0718821882,70,10.1,439956,,,,1,55,3,1.74,,,,,,,,,,,,Comal,TX,78266,Industrial,10/27/2016,,Sold,,,,Warehouse,,,,,31625,2 Star,S33,Comal County,Single,28640.84,31625,,2004
34,,595650,89630,685280,2016,10046,C,Masonry,"16'0""",0.4349106022,86,0.53,23099,,,,1,6,,0.61,,,,,,,,,,,,Bexar,TX,78216,Industrial,9/30/2016,,Sold,,,,Warehouse,,,,,10046,2 Star,S05,North Central,Multi,18466.96,10046,100,1983
33,,160600,48610,209210,2015,1710,C,Metal,,0.0316584589,76,1.24,54014,,,,1,,1,,,,,,,,,,,,,Bexar,TX,78220,Industrial,2/8/2016,,Sold,,,,,,,,,1710,1 Star,S08,South,Single,4985.44,1710,,1984
18,,257030,606310,863340,2015,19300,C,Metal,"18'0""",0.1265905811,29,3.5,152460,,,,2,33,2,1.71,,,,,,,,,,,,Bexar,TX,78256,Industrial,11/1/2015,,Sold,,,,Warehouse,701 Grandview Pl,San Antonio,Lawrence & Laura Conn,Larry Conn,19300,2 Star,S04,Far Northwest,Multi,23232,19300,,1999
42,,2212780,446930,2659710,2014,80000,C,Masonry,,0.2685014264,83,6.84,297950,200,,341,1,106,,1.31,,,,,,,,,,,,Bexar,TX,78218,Industrial,7/20/2015,,Sold,,,,Manufacturing,,,,,80000,3 Star,S06,Northeast,Multi,,80000,,1975
50,,178560,71410,249970,2014,11919,C,Reinforced Concrete,,0.5007772783,71,0.55,23801,,,,1,22,1,1.85,,,,,,,,,,,,Bexar,TX,78212,Industrial,7/1/2015,,Sold,,,,Warehouse,,,,,11919,2 Star,S05,North Central,Multi,7415.85,11919,,1967
23,,28430,214500,242930,2015,1760,C,Metal,,0.1805498564,11,0.22,9748,,,,1,5,1,,,,,,,,,,,,,Bexar,TX,78215,Industrial,7/30/2016,,Sold,,,,Service,,,,,1760,1 Star,S06,Northeast,Single,9953.21,1760,,1994
37,,1756576,504750,2261326,2016,69903,C,Reinforced Concrete,,0.3458524228,77,4.64,202118,,,,1,50,4,0.71,,,,,,,,,,,,Bexar,TX,78219,Industrial,10/4/2016,,Sold,,,,Distribution,"9600 N MoPac Expy, 250",Austin,Stonelake Capital Partners,Kenneth Aboussie,69903,3 Star,S06,Northeast,Multi,63823.78,69903,,1980
42,,0,38200,38200,2016,6000,B,Metal,"24'0""-26'0""",0.0151931813,0,9.07,394914,,,,1,124,1,10,,,,,,,,,,,,Bexar,TX,78242,Industrial,10/14/2016,,Sold,,,,Warehouse,,,,,6000,1 Star,S08,South,Single,,6000,,1975
18,,99090,715790,814880,2016,19300,C,Metal,"18'0""",0.1265905811,12,3.5,152460,,,,2,33,2,1.71,,,,,,,,,,,,Bexar,TX,78256,Industrial,10/24/2016,,Sold,,,,Warehouse,,,,,19300,2 Star,S04,Far Northwest,Multi,21882.01,19300,,1999
57,,20000,2280690,2300690,2014,16542,C,Masonry,,0.3013938234,0,1.26,54885,,,,1,20,2,1.21,,,,,,,,,,,,Bexar,TX,78215,Industrial,4/9/2015,,Sold,,,,Manufacturing,221 Newell Ave,San Antonio,Samuels Glass Company,Susan Winkler,16542,2 Star,S05,North Central,Single,99474.77,16542,,1960
36,,107000,75000,182000,2014,3600,C,,,0.2399680043,58,0.34,15002,,,,1,,,,33.333333,,,,,,,,,,,Bexar,TX,78228,Industrial,8/3/2015,,Sold,,,,Warehouse,,,,,3600,1 Star,S07,Northwest,,5627.3,3600,,1981
47,,66250,57750,124000,2014,4750,C,Masonry,,0.2878787879,53,0.38,16500,,,,1,12,1,2.53,,,,,,,,,,,,Bexar,TX,78238,Industrial,8/21/2015,,Sold,,,,Service,,,,,4750,1 Star,S07,Northwest,Multi,5629.73,4750,,1970
45,,1700,29340,31040,2015,4400,C,Masonry,,0.6990784874,5,0.14,6294,,,,1,10,1,2.39,,,,,,,,,,,,Bexar,TX,78202,Industrial,10/15/2015,,Sold,,,,Service,,,,,4400,1 Star,S06,Northeast,Multi,4451.23,4400,,1972
44,,510320,209680,720000,2015,16300,B,Metal,,0.1165726219,70,3.21,139827,,,,1,60,1,4.98,,,,,,,,,,,,Bexar,TX,78211,Industrial,6/30/2016,,Sold,,,,Distribution,3421 Nogalitos,San Antonio,Randall Vail,Randall Vail,16300,2 Star,S08,South,Single,24309.42,16300,,1973
57,,85240,37150,122390,2014,4700,C,Metal,,0.3173531398,69,0.34,14810,,,,2,15,,3.19,,,,,,,,,,,,Bexar,TX,78210,Industrial,4/7/2015,,Sold,,,,Warehouse,,,,,4700,1 Star,S06,Northeast,Single,4279.1,4700,100,1960
35,,311790,156820,468610,2014,9500,C,Masonry,,0.0726966636,66,3,130680,,,,1,36,1,3.79,,,,,,,,,,,,Bexar,TX,78219,Industrial,6/11/2015,,Sold,,,,Service,,,,,9500,2 Star,S06,Northeast,Multi,13708.77,9500,,1982
34,,106770,50000,156770,2014,2600,C,Metal,,0.1300130013,68,0.46,19998,,,,1,10,1,3.84,,,,,,,,,,,,Bexar,TX,78233,Industrial,8/31/2015,,Sold,,,,Service,,,,,2600,1 Star,S06,Northeast,Multi,6682.49,2600,,1983
36,,405120,166640,571760,2015,12900,C,Masonry,"16'0""",0.2145994144,70,1.38,60112,,,,1,20,1,1.55,,Y,,,,,,,,,,Bexar,TX,78219,Industrial,9/29/2015,,Sold,,,,Service,5300 Sun Valley Dr,Fort Worth,Empire Texas Equities,Sandra McGlothlin,12900,2 Star,S06,Northeast,Single,13343.45,12900,,1981
52,,380470,70130,450600,2015,12150,C,Masonry,"16'0""",0.4331241979,84,0.64,28052,,,,1,8,1,0.59,,,,,,,,,,,,Bexar,TX,78207,Industrial,11/18/2015,,Sold,,,,Distribution,,,,,12150,1 Star,S07,Northwest,Multi,12157.39,12150,,1965
47,350000,276060,62840,338900,2015,5040,C,Metal,"19'0""",0.2520756227,81,0.46,19994,,,262,1,22,,4.36,,,,,,,,,,,,Bexar,TX,78207,Industrial,12/31/2015,,Sold,,,,,4515 San Pedro Ave,San Antonio,GrayStreet Realty Advisors,Kevin Covey,5040,1 Star,S05,North Central,Single,9143.67,5040,,1970
52,,420030,89970,510000,2015,23662,B,Masonry,,0.8284433863,82,0.66,28562,,,,1,12,1,0.5,11.753022,,,,,,,,,,,Bexar,TX,78212,Industrial,7/15/2016,,Sold,,,,Manufacturing,29682 Old Fredericksburg Rd,Boerne,Gene Hausmann,Gene Hausmann,23662,2 Star,S05,North Central,Multi,16450.95,23662,,1965
48,,1855050,1344950,3200000,2015,208784,B,Reinforced Concrete,"16'0""-18'0""",0.2083922226,57,23,1001880,,,,1,701,,3.35,11.495134,Y,,,,,,,,,,Bexar,TX,78227,Industrial,8/29/2016,,Sold,,,,Manufacturing,,,,,208784,3 Star,S10,Far West,Multi,93985.68,208784,99.62,1969
67,,70180,13130,83310,2016,2574,C,Metal,,0.4221056084,84,0.14,6098,,,,1,10,,3.89,,,,,,,,,,,,Bexar,TX,78148,Industrial,10/25/2016,,Sold,,,,Warehouse,,,,,2574,1 Star,S06,Northeast,Single,2319.63,2574,,1950
53,,112900,128330,241230,2016,2665,C,Masonry,,0.1902484295,46,0.32,14008,,,,1,9,1,3.38,,,,,,,,,,,,Bexar,TX,78216,Industrial,9/5/2016,,Sold,,,,Service,,,,,2665,1 Star,S05,North Central,Single,4134.37,2665,,1964
34,,595650,89630,685280,2016,10046,C,Masonry,"16'0""",0.4349106022,86,0.53,23099,,,,1,6,1,0.61,,,,,,,,,,,,Bexar,TX,78216,Industrial,9/6/2016,,Sold,,,,Warehouse,,,,,10046,2 Star,S05,North Central,Multi,18466.96,10046,100,1983
2,,0,95050,95050,2015,6300,B,,"18'0""",0.0353097449,0,4.1,178421,250,,205,1,,,,22.222222,,,,,,,,,,,Bexar,TX,78109,Industrial,4/13/2016,,Sold,,,,Warehouse,,,,,6300,1 Star,S08,South,Single,,6300,,2015
40,,956740,352050,1308790,2015,39900,C,Masonry,,0.2267277335,73,4.04,175982,,,,1,80,1,2.01,,,,,,,,,,,,Bexar,TX,78218,Industrial,11/30/2015,,Sold,,,,Warehouse,100 Grainger Pky,Lake Forest,"Grainger, Inc.",Gail Edgar,39900,3 Star,S06,Northeast,Multi,35801.23,39900,,1977
50,,178560,71410,249970,2014,11919,C,Reinforced Concrete,,0.5007772783,71,0.55,23801,,,,1,22,1,1.85,,,,,,,,,,,,Bexar,TX,78212,Industrial,7/1/2015,,Sold,,,,Warehouse,,,,,11919,2 Star,S05,North Central,Multi,7415.85,11919,,1967
42,,230500,59500,290000,2014,7844,C,Masonry,,0.4613846244,79,0.39,17001,,,,1,6,,1.05,31.871494,,,,,,,,,,,Bexar,TX,78238,Industrial,6/25/2015,,Sold,,,,Service,6114 Saddlebow,San Antonio,Powers Stanley,,7844,2 Star,S07,Northwest,Multi,11836.93,7844,,1975
